+ sudo apt-get update -y
Hit:1 http://us-east-1.ec2.ports.ubuntu.com/ubuntu-ports noble InRelease
Get:2 http://us-east-1.ec2.ports.ubuntu.com/ubuntu-ports noble-updates InRelease [126 kB]
Get:3 http://us-east-1.ec2.ports.ubuntu.com/ubuntu-ports noble-backports InRelease [126 kB]
Get:4 http://ports.ubuntu.com/ubuntu-ports noble-security InRelease [126 kB]
Get:5 http://us-east-1.ec2.ports.ubuntu.com/ubuntu-ports noble/universe arm64 Packages [15.3 MB]
Get:6 http://us-east-1.ec2.ports.ubuntu.com/ubuntu-ports noble/universe Translation-en [5982 kB]
Get:7 http://ports.ubuntu.com/ubuntu-ports noble-security/main arm64 Packages [893 kB]
Get:8 http://us-east-1.ec2.ports.ubuntu.com/ubuntu-ports noble/universe arm64 Components [3573 kB]
Get:9 http://us-east-1.ec2.ports.ubuntu.com/ubuntu-ports noble/universe arm64 c-n-f Metadata [295 kB]
Get:10 http://us-east-1.ec2.ports.ubuntu.com/ubuntu-ports noble/multiverse arm64 Packages [223 kB]
Get:11 http://us-east-1.ec2.ports.ubuntu.com/ubuntu-ports noble/multiverse Translation-en [118 kB]
Get:12 http://us-east-1.ec2.ports.ubuntu.com/ubuntu-ports noble/multiverse arm64 Components [31.6 kB]
Get:13 http://us-east-1.ec2.ports.ubuntu.com/ubuntu-ports noble/multiverse arm64 c-n-f Metadata [7152 B]
Get:14 http://us-east-1.ec2.ports.ubuntu.com/ubuntu-ports noble-updates/main arm64 Packages [1156 kB]
Get:15 http://us-east-1.ec2.ports.ubuntu.com/ubuntu-ports noble-updates/main Translation-en [273 kB]
Get:16 http://us-east-1.ec2.ports.ubuntu.com/ubuntu-ports noble-updates/main arm64 Components [178 kB]
Get:17 http://us-east-1.ec2.ports.ubuntu.com/ubuntu-ports noble-updates/universe arm64 Packages [1667 kB]
Get:18 http://us-east-1.ec2.ports.ubuntu.com/ubuntu-ports noble-updates/universe Translation-en [328 kB]
Get:19 http://ports.ubuntu.com/ubuntu-ports noble-security/main Translation-en [192 kB]
Get:20 http://us-east-1.ec2.ports.ubuntu.com/ubuntu-ports noble-updates/universe arm64 Components [387 kB]
Get:21 http://ports.ubuntu.com/ubuntu-ports noble-security/main arm64 Components [43.3 kB]
Get:22 http://ports.ubuntu.com/ubuntu-ports noble-security/main arm64 c-n-f Metadata [11.6 kB]
Get:23 http://ports.ubuntu.com/ubuntu-ports noble-security/universe arm64 Packages [1218 kB]
Get:24 http://us-east-1.ec2.ports.ubuntu.com/ubuntu-ports noble-updates/universe arm64 c-n-f Metadata [33.5 kB]
Get:25 http://us-east-1.ec2.ports.ubuntu.com/ubuntu-ports noble-updates/restricted arm64 Packages [1904 kB]
Get:26 http://us-east-1.ec2.ports.ubuntu.com/ubuntu-ports noble-updates/restricted Translation-en [290 kB]
Get:27 http://us-east-1.ec2.ports.ubuntu.com/ubuntu-ports noble-updates/multiverse arm64 Packages [66.0 kB]
Get:28 http://us-east-1.ec2.ports.ubuntu.com/ubuntu-ports noble-updates/multiverse Translation-en [11.8 kB]
Get:29 http://us-east-1.ec2.ports.ubuntu.com/ubuntu-ports noble-updates/multiverse arm64 Components [212 B]
Get:30 http://us-east-1.ec2.ports.ubuntu.com/ubuntu-ports noble-updates/multiverse arm64 c-n-f Metadata [472 B]
Get:31 http://ports.ubuntu.com/ubuntu-ports noble-security/universe Translation-en [233 kB]
Get:32 http://us-east-1.ec2.ports.ubuntu.com/ubuntu-ports noble-backports/main arm64 Packages [40.6 kB]
Get:33 http://ports.ubuntu.com/ubuntu-ports noble-security/universe arm64 Components [76.2 kB]
Get:34 http://us-east-1.ec2.ports.ubuntu.com/ubuntu-ports noble-backports/main Translation-en [9172 B]
Get:35 http://us-east-1.ec2.ports.ubuntu.com/ubuntu-ports noble-backports/main arm64 Components [3584 B]
Get:36 http://us-east-1.ec2.ports.ubuntu.com/ubuntu-ports noble-backports/main arm64 c-n-f Metadata [372 B]
Get:37 http://us-east-1.ec2.ports.ubuntu.com/ubuntu-ports noble-backports/universe arm64 Packages [31.2 kB]
Get:38 http://ports.ubuntu.com/ubuntu-ports noble-security/universe arm64 c-n-f Metadata [23.7 kB]
Get:39 http://us-east-1.ec2.ports.ubuntu.com/ubuntu-ports noble-backports/universe Translation-en [18.6 kB]
Get:40 http://ports.ubuntu.com/ubuntu-ports noble-security/restricted arm64 Packages [1769 kB]
Get:41 http://us-east-1.ec2.ports.ubuntu.com/ubuntu-ports noble-backports/universe arm64 Components [10.5 kB]
Get:42 http://us-east-1.ec2.ports.ubuntu.com/ubuntu-ports noble-backports/universe arm64 c-n-f Metadata [1592 B]
Get:43 http://us-east-1.ec2.ports.ubuntu.com/ubuntu-ports noble-backports/restricted arm64 Components [212 B]
Get:44 http://us-east-1.ec2.ports.ubuntu.com/ubuntu-ports noble-backports/restricted arm64 c-n-f Metadata [116 B]
Get:45 http://us-east-1.ec2.ports.ubuntu.com/ubuntu-ports noble-backports/multiverse arm64 Packages [748 B]
Get:46 http://us-east-1.ec2.ports.ubuntu.com/ubuntu-ports noble-backports/multiverse Translation-en [340 B]
Get:47 http://us-east-1.ec2.ports.ubuntu.com/ubuntu-ports noble-backports/multiverse arm64 Components [212 B]
Get:48 http://us-east-1.ec2.ports.ubuntu.com/ubuntu-ports noble-backports/multiverse arm64 c-n-f Metadata [116 B]
Get:49 http://ports.ubuntu.com/ubuntu-ports noble-security/restricted Translation-en [268 kB]
Get:50 http://ports.ubuntu.com/ubuntu-ports noble-security/restricted arm64 Components [212 B]
Get:51 http://ports.ubuntu.com/ubuntu-ports noble-security/restricted arm64 c-n-f Metadata [388 B]
Get:52 http://ports.ubuntu.com/ubuntu-ports noble-security/multiverse arm64 Packages [62.1 kB]
Get:53 http://ports.ubuntu.com/ubuntu-ports noble-security/multiverse Translation-en [10.1 kB]
Get:54 http://ports.ubuntu.com/ubuntu-ports noble-security/multiverse arm64 Components [208 B]
Get:55 http://ports.ubuntu.com/ubuntu-ports noble-security/multiverse arm64 c-n-f Metadata [456 B]
Fetched 37.1 MB in 4s (9779 kB/s)
Reading package lists...
+ sudo DEBIAN_FRONTEND=noninteractive apt-get install -y build-essential pkg-config libssl-dev python3-venv python3-pip nodejs npm git curl jq
Reading package lists...
Building dependency tree...
Reading state information...
git is already the newest version (1:2.43.0-1ubuntu7.3).
git set to manually installed.
curl is already the newest version (8.5.0-2ubuntu10.11).
curl set to manually installed.
jq is already the newest version (1.7.1-3ubuntu0.24.04.2).
jq set to manually installed.
The following additional packages will be installed:
  binutils binutils-aarch64-linux-gnu binutils-common bzip2 cpp cpp-13
  cpp-13-aarch64-linux-gnu cpp-aarch64-linux-gnu dpkg-dev eslint fakeroot
  fontconfig-config fonts-dejavu-core fonts-dejavu-mono g++ g++-13
  g++-13-aarch64-linux-gnu g++-aarch64-linux-gnu gcc gcc-13
  gcc-13-aarch64-linux-gnu gcc-13-base gcc-aarch64-linux-gnu gyp handlebars
  javascript-common libalgorithm-diff-perl libalgorithm-diff-xs-perl
  libalgorithm-merge-perl libaom3 libasan8 libatomic1 libauthen-sasl-perl
  libbinutils libc-dev-bin libc-devtools libc6-dev libcares2 libcc1-0
  libclone-perl libcrypt-dev libctf-nobfd0 libctf0 libdata-dump-perl
  libdeflate0 libdpkg-perl libegl-mesa0 libegl1 libencode-locale-perl
  libexpat1-dev libfakeroot libfile-basedir-perl libfile-desktopentry-perl
  libfile-fcntllock-perl libfile-listing-perl libfile-mimeinfo-perl
  libfont-afm-perl libfontconfig1 libgbm1 libgcc-13-dev libgd3
  libgdk-pixbuf-2.0-0 libgdk-pixbuf2.0-bin libgdk-pixbuf2.0-common libgl1
  libgl1-mesa-dri libgles2 libglvnd0 libglx-mesa0 libglx0 libgomp1 libgprofng0
  libheif-plugin-aomdec libheif-plugin-aomenc libheif1 libhtml-form-perl
  libhtml-format-perl libhtml-parser-perl libhtml-tagset-perl
  libhtml-tree-perl libhttp-cookies-perl libhttp-daemon-perl libhttp-date-perl
  libhttp-message-perl libhttp-negotiate-perl libhwasan0 libice6
  libio-html-perl libio-socket-ssl-perl libio-stringy-perl
  libipc-system-simple-perl libisl23 libitm1 libjbig0 libjpeg-turbo8 libjpeg8
  libjs-async libjs-events libjs-inherits libjs-is-typedarray libjs-jquery
  libjs-prettify libjs-regenerate libjs-source-map libjs-sphinxdoc
  libjs-sprintf-js libjs-typedarray-to-buffer libjs-underscore libjs-util
  liblerc4 libllvm20 liblsan0 liblwp-mediatypes-perl
  liblwp-protocol-https-perl libmailtools-perl libmpc3 libnet-dbus-perl
  libnet-http-perl libnet-smtp-ssl-perl libnet-ssleay-perl libnode-dev
  libnode109 libnotify-bin libnotify4 libpkgconf3 libpython3-dev
  libpython3.12-dev libre2-10 libsframe1 libsharpyuv0 libsm6 libstdc++-13-dev
  libtie-ixhash-perl libtiff6 libtimedate-perl libtry-tiny-perl libtsan2
  libubsan1 liburi-perl libuv1-dev libvulkan1 libwayland-client0 libwebp7
  libwww-perl libwww-robotrules-perl libx11-protocol-perl libx11-xcb1 libxaw7
  libxcb-dri3-0 libxcb-glx0 libxcb-present0 libxcb-randr0 libxcb-shape0
  libxcb-shm0 libxcb-sync1 libxcb-xfixes0 libxcomposite1 libxcursor1
  libxfixes3 libxft2 libxi6 libxinerama1 libxkbfile1 libxml-parser-perl
  libxml-twig-perl libxml-xpathengine-perl libxmu6 libxpm4 libxrandr2
  libxrender1 libxshmfence1 libxt6t64 libxtst6 libxv1 libxxf86dga1 libxxf86vm1
  linux-libc-dev linux-tools-common lto-disabled-list make manpages-dev
  mesa-libgallium mesa-vulkan-drivers node-abbrev node-acorn node-agent-base
  node-ajv node-ajv-keywords node-ampproject-remapping node-ansi-escapes
  node-ansi-regex node-ansi-styles node-anymatch node-aproba node-archy
  node-are-we-there-yet node-argparse node-arrify node-assert node-async
  node-async-each node-auto-bind node-babel-helper-define-polyfill-provider
  node-babel-plugin-add-module-exports node-babel-plugin-lodash
  node-babel-plugin-polyfill-corejs2 node-babel-plugin-polyfill-corejs3
  node-babel-plugin-polyfill-regenerator node-babel7 node-babel7-runtime
  node-balanced-match node-base node-base64-js node-binary-extensions
  node-brace-expansion node-braces node-browserslist node-builtins node-busboy
  node-cacache node-cache-base node-camelcase node-caniuse-lite node-chalk
  node-chokidar node-chownr node-chrome-trace-event node-ci-info
  node-cjs-module-lexer node-cli-boxes node-cli-cursor node-cli-table
  node-cli-truncate node-cliui node-clone node-clone-deep
  node-collection-visit node-color-convert node-color-name node-colors
  node-columnify node-commander node-commondir node-concat-stream
  node-console-control-strings node-convert-source-map node-copy-concurrently
  node-core-js node-core-js-compat node-core-js-pure node-core-util-is
  node-coveralls node-css-loader node-css-selector-tokenizer
  node-data-uri-to-buffer node-debbundle-es-to-primitive node-debug
  node-decamelize node-decompress-response node-deep-equal node-deep-is
  node-defaults node-define-properties node-define-property node-defined
  node-del node-delegates node-depd node-diff node-doctrine
  node-electron-to-chromium node-encoding node-end-of-stream
  node-enhanced-resolve node-err-code node-errno node-error-ex
  node-es-abstract node-es-module-lexer node-es6-error
  node-escape-string-regexp node-escodegen node-eslint-scope node-eslint-utils
  node-eslint-visitor-keys node-espree node-esprima node-esquery
  node-esrecurse node-estraverse node-esutils node-events node-fancy-log
  node-fast-deep-equal node-fast-levenshtein node-fetch node-file-entry-cache
  node-fill-range node-find-cache-dir node-find-up node-flat-cache
  node-flatted node-for-in node-for-own node-foreground-child
  node-fs-readdir-recursive node-fs-write-stream-atomic node-fs.realpath
  node-function-bind node-functional-red-black-tree node-gauge
  node-get-caller-file node-get-stream node-get-value node-glob
  node-glob-parent node-globals node-globby node-got node-graceful-fs
  node-growl node-gyp node-has-flag node-has-unicode node-has-value
  node-has-values node-hosted-git-info node-http-proxy-agent
  node-https-proxy-agent node-iconv-lite node-icss-utils node-ieee754
  node-iferr node-ignore node-imurmurhash node-indent-string node-inflight
  node-inherits node-ini node-interpret node-ip node-ip-regex node-is-arrayish
  node-is-binary-path node-is-buffer node-is-descriptor node-is-extendable
  node-is-extglob node-is-glob node-is-number node-is-path-cwd
  node-is-path-inside node-is-plain-obj node-is-plain-object node-is-primitive
  node-is-stream node-is-typedarray node-is-windows node-isarray node-isexe
  node-isobject node-istanbul node-jest-debbundle node-jest-worker
  node-js-tokens node-js-yaml node-jsesc node-json-buffer
  node-json-parse-better-errors node-json-schema node-json-schema-traverse
  node-json-stable-stringify node-json5 node-jsonify node-jsonparse
  node-kind-of node-lcov-parse node-levn node-loader-runner node-locate-path
  node-lodash node-lodash-packages node-log-driver node-lowercase-keys
  node-lru-cache node-make-dir node-map-visit node-memfs node-memory-fs
  node-merge-stream node-micromatch node-mime node-mime-types
  node-mimic-response node-minimatch node-minimist node-minipass
  node-mixin-deep node-mkdirp node-move-concurrently node-ms node-mute-stream
  node-n3 node-negotiator node-neo-async node-nopt node-normalize-package-data
  node-normalize-path node-npm-bundled node-npm-package-arg node-npm-run-path
  node-npmlog node-object-assign node-object-inspect node-object-visit
  node-once node-opener node-optimist node-optionator node-osenv
  node-p-cancelable node-p-limit node-p-locate node-p-map node-parse-json
  node-pascalcase node-path-dirname node-path-exists node-path-is-absolute
  node-path-is-inside node-path-type node-picocolors node-pify node-pkg-dir
  node-postcss node-postcss-modules-extract-imports
  node-postcss-modules-values node-postcss-value-parser node-prelude-ls
  node-process-nextick-args node-progress node-promise-inflight
  node-promise-retry node-promzard node-prr node-pump node-punycode
  node-quick-lru node-randombytes node-re2 node-read node-read-package-json
  node-read-pkg node-readable-stream node-readdirp node-rechoir
  node-regenerate node-regenerate-unicode-properties node-regenerator-runtime
  node-regenerator-transform node-regexpp node-regexpu-core node-regjsgen
  node-regjsparser node-repeat-string node-require-directory
  node-require-from-string node-resolve node-resolve-cwd node-resolve-from
  node-restore-cursor node-resumer node-retry node-rimraf node-run-queue
  node-safe-buffer node-schema-utils node-sellside-emitter node-semver
  node-serialize-javascript node-set-blocking node-set-immediate-shim
  node-set-value node-shebang-command node-shebang-regex node-shell-quote
  node-signal-exit node-slash node-slice-ansi node-source-list-map
  node-source-map node-source-map-support node-spdx-correct
  node-spdx-exceptions node-spdx-expression-parse node-spdx-license-ids
  node-sprintf-js node-ssri node-stack-utils node-string-decoder
  node-string-width node-strip-ansi node-strip-bom node-strip-json-comments
  node-supports-color node-tap node-tap-mocha-reporter node-tap-parser
  node-tapable node-tape node-tar node-terser node-text-table node-through
  node-time-stamp node-to-fast-properties node-to-regex-range node-tslib
  node-type-check node-typedarray node-typedarray-to-buffer node-undici
  node-unicode-canonical-property-names-ecmascript
  node-unicode-match-property-ecmascript
  node-unicode-match-property-value-ecmascript
  node-unicode-property-aliases-ecmascript node-union-value
  node-unique-filename node-unset-value node-uri-js node-util
  node-util-deprecate node-uuid node-v8-compile-cache node-v8flags
  node-validate-npm-package-license node-validate-npm-package-name
  node-watchpack node-wcwidth.js node-webassemblyjs node-webpack-sources
  node-which node-wide-align node-widest-line node-wordwrap node-wrap-ansi
  node-wrappy node-write node-write-file-atomic node-ws node-xtend node-y18n
  node-yallist node-yaml node-yargs node-yargs-parser nodejs-doc
  perl-openssl-defaults pkgconf pkgconf-bin python3-dev python3-pip-whl
  python3-setuptools-whl python3-wheel python3.12-dev python3.12-venv
  rpcsvc-proto terser webpack x11-common x11-utils x11-xserver-utils xdg-utils
  zlib1g-dev zutty
Suggested packages:
  binutils-doc gprofng-gui bzip2-doc cpp-doc gcc-13-locales cpp-13-doc
  debian-keyring node-babel-eslint node-esprima-fb node-inquirer gcc-13-doc
  gcc-multilib autoconf automake libtool flex bison gdb gcc-doc
  gdb-aarch64-linux-gnu apache2 | lighttpd | httpd libdigest-hmac-perl
  libgssapi-perl glibc-doc bzr libgd-tools libheif-plugin-libde265
  libheif-plugin-x265 libheif-plugin-ffmpegdec libheif-plugin-jpegdec
  libheif-plugin-jpegenc libheif-plugin-j2kdec libheif-plugin-j2kenc
  libheif-plugin-rav1e libheif-plugin-svtenc libio-compress-brotli-perl
  libjs-angularjs libcrypt-ssleay-perl notification-daemon libssl-doc
  libstdc++-13-doc libsub-name-perl libbusiness-isbn-perl libregexp-ipv6-perl
  libauthen-ntlm-perl libunicode-map8-perl libunicode-string-perl
  xml-twig-tools make-doc node-babel-plugin-polyfill-es-shims
  node-babel7-debug livescript chai node-jest-diff debhelper mesa-utils nickle
  cairo-5c xorg-docs-core
Recommended packages:
  luit
The following NEW packages will be installed:
  binutils binutils-aarch64-linux-gnu binutils-common build-essential bzip2
  cpp cpp-13 cpp-13-aarch64-linux-gnu cpp-aarch64-linux-gnu dpkg-dev eslint
  fakeroot fontconfig-config fonts-dejavu-core fonts-dejavu-mono g++ g++-13
  g++-13-aarch64-linux-gnu g++-aarch64-linux-gnu gcc gcc-13
  gcc-13-aarch64-linux-gnu gcc-13-base gcc-aarch64-linux-gnu gyp handlebars
  javascript-common libalgorithm-diff-perl libalgorithm-diff-xs-perl
  libalgorithm-merge-perl libaom3 libasan8 libatomic1 libauthen-sasl-perl
  libbinutils libc-dev-bin libc-devtools libc6-dev libcares2 libcc1-0
  libclone-perl libcrypt-dev libctf-nobfd0 libctf0 libdata-dump-perl
  libdeflate0 libdpkg-perl libegl-mesa0 libegl1 libencode-locale-perl
  libexpat1-dev libfakeroot libfile-basedir-perl libfile-desktopentry-perl
  libfile-fcntllock-perl libfile-listing-perl libfile-mimeinfo-perl
  libfont-afm-perl libfontconfig1 libgbm1 libgcc-13-dev libgd3
  libgdk-pixbuf-2.0-0 libgdk-pixbuf2.0-bin libgdk-pixbuf2.0-common libgl1
  libgl1-mesa-dri libgles2 libglvnd0 libglx-mesa0 libglx0 libgomp1 libgprofng0
  libheif-plugin-aomdec libheif-plugin-aomenc libheif1 libhtml-form-perl
  libhtml-format-perl libhtml-parser-perl libhtml-tagset-perl
  libhtml-tree-perl libhttp-cookies-perl libhttp-daemon-perl libhttp-date-perl
  libhttp-message-perl libhttp-negotiate-perl libhwasan0 libice6
  libio-html-perl libio-socket-ssl-perl libio-stringy-perl
  libipc-system-simple-perl libisl23 libitm1 libjbig0 libjpeg-turbo8 libjpeg8
  libjs-async libjs-events libjs-inherits libjs-is-typedarray libjs-jquery
  libjs-prettify libjs-regenerate libjs-source-map libjs-sphinxdoc
  libjs-sprintf-js libjs-typedarray-to-buffer libjs-underscore libjs-util
  liblerc4 libllvm20 liblsan0 liblwp-mediatypes-perl
  liblwp-protocol-https-perl libmailtools-perl libmpc3 libnet-dbus-perl
  libnet-http-perl libnet-smtp-ssl-perl libnet-ssleay-perl libnode-dev
  libnode109 libnotify-bin libnotify4 libpkgconf3 libpython3-dev
  libpython3.12-dev libre2-10 libsframe1 libsharpyuv0 libsm6 libssl-dev
  libstdc++-13-dev libtie-ixhash-perl libtiff6 libtimedate-perl
  libtry-tiny-perl libtsan2 libubsan1 liburi-perl libuv1-dev libvulkan1
  libwayland-client0 libwebp7 libwww-perl libwww-robotrules-perl
  libx11-protocol-perl libx11-xcb1 libxaw7 libxcb-dri3-0 libxcb-glx0
  libxcb-present0 libxcb-randr0 libxcb-shape0 libxcb-shm0 libxcb-sync1
  libxcb-xfixes0 libxcomposite1 libxcursor1 libxfixes3 libxft2 libxi6
  libxinerama1 libxkbfile1 libxml-parser-perl libxml-twig-perl
  libxml-xpathengine-perl libxmu6 libxpm4 libxrandr2 libxrender1 libxshmfence1
  libxt6t64 libxtst6 libxv1 libxxf86dga1 libxxf86vm1 linux-libc-dev
  lto-disabled-list make manpages-dev mesa-libgallium mesa-vulkan-drivers
  node-abbrev node-acorn node-agent-base node-ajv node-ajv-keywords
  node-ampproject-remapping node-ansi-escapes node-ansi-regex node-ansi-styles
  node-anymatch node-aproba node-archy node-are-we-there-yet node-argparse
  node-arrify node-assert node-async node-async-each node-auto-bind
  node-babel-helper-define-polyfill-provider
  node-babel-plugin-add-module-exports node-babel-plugin-lodash
  node-babel-plugin-polyfill-corejs2 node-babel-plugin-polyfill-corejs3
  node-babel-plugin-polyfill-regenerator node-babel7 node-babel7-runtime
  node-balanced-match node-base node-base64-js node-binary-extensions
  node-brace-expansion node-braces node-browserslist node-builtins node-busboy
  node-cacache node-cache-base node-camelcase node-caniuse-lite node-chalk
  node-chokidar node-chownr node-chrome-trace-event node-ci-info
  node-cjs-module-lexer node-cli-boxes node-cli-cursor node-cli-table
  node-cli-truncate node-cliui node-clone node-clone-deep
  node-collection-visit node-color-convert node-color-name node-colors
  node-columnify node-commander node-commondir node-concat-stream
  node-console-control-strings node-convert-source-map node-copy-concurrently
  node-core-js node-core-js-compat node-core-js-pure node-core-util-is
  node-coveralls node-css-loader node-css-selector-tokenizer
  node-data-uri-to-buffer node-debbundle-es-to-primitive node-debug
  node-decamelize node-decompress-response node-deep-equal node-deep-is
  node-defaults node-define-properties node-define-property node-defined
  node-del node-delegates node-depd node-diff node-doctrine
  node-electron-to-chromium node-encoding node-end-of-stream
  node-enhanced-resolve node-err-code node-errno node-error-ex
  node-es-abstract node-es-module-lexer node-es6-error
  node-escape-string-regexp node-escodegen node-eslint-scope node-eslint-utils
  node-eslint-visitor-keys node-espree node-esprima node-esquery
  node-esrecurse node-estraverse node-esutils node-events node-fancy-log
  node-fast-deep-equal node-fast-levenshtein node-fetch node-file-entry-cache
  node-fill-range node-find-cache-dir node-find-up node-flat-cache
  node-flatted node-for-in node-for-own node-foreground-child
  node-fs-readdir-recursive node-fs-write-stream-atomic node-fs.realpath
  node-function-bind node-functional-red-black-tree node-gauge
  node-get-caller-file node-get-stream node-get-value node-glob
  node-glob-parent node-globals node-globby node-got node-graceful-fs
  node-growl node-gyp node-has-flag node-has-unicode node-has-value
  node-has-values node-hosted-git-info node-http-proxy-agent
  node-https-proxy-agent node-iconv-lite node-icss-utils node-ieee754
  node-iferr node-ignore node-imurmurhash node-indent-string node-inflight
  node-inherits node-ini node-interpret node-ip node-ip-regex node-is-arrayish
  node-is-binary-path node-is-buffer node-is-descriptor node-is-extendable
  node-is-extglob node-is-glob node-is-number node-is-path-cwd
  node-is-path-inside node-is-plain-obj node-is-plain-object node-is-primitive
  node-is-stream node-is-typedarray node-is-windows node-isarray node-isexe
  node-isobject node-istanbul node-jest-debbundle node-jest-worker
  node-js-tokens node-js-yaml node-jsesc node-json-buffer
  node-json-parse-better-errors node-json-schema node-json-schema-traverse
  node-json-stable-stringify node-json5 node-jsonify node-jsonparse
  node-kind-of node-lcov-parse node-levn node-loader-runner node-locate-path
  node-lodash node-lodash-packages node-log-driver node-lowercase-keys
  node-lru-cache node-make-dir node-map-visit node-memfs node-memory-fs
  node-merge-stream node-micromatch node-mime node-mime-types
  node-mimic-response node-minimatch node-minimist node-minipass
  node-mixin-deep node-mkdirp node-move-concurrently node-ms node-mute-stream
  node-n3 node-negotiator node-neo-async node-nopt node-normalize-package-data
  node-normalize-path node-npm-bundled node-npm-package-arg node-npm-run-path
  node-npmlog node-object-assign node-object-inspect node-object-visit
  node-once node-opener node-optimist node-optionator node-osenv
  node-p-cancelable node-p-limit node-p-locate node-p-map node-parse-json
  node-pascalcase node-path-dirname node-path-exists node-path-is-absolute
  node-path-is-inside node-path-type node-picocolors node-pify node-pkg-dir
  node-postcss node-postcss-modules-extract-imports
  node-postcss-modules-values node-postcss-value-parser node-prelude-ls
  node-process-nextick-args node-progress node-promise-inflight
  node-promise-retry node-promzard node-prr node-pump node-punycode
  node-quick-lru node-randombytes node-re2 node-read node-read-package-json
  node-read-pkg node-readable-stream node-readdirp node-rechoir
  node-regenerate node-regenerate-unicode-properties node-regenerator-runtime
  node-regenerator-transform node-regexpp node-regexpu-core node-regjsgen
  node-regjsparser node-repeat-string node-require-directory
  node-require-from-string node-resolve node-resolve-cwd node-resolve-from
  node-restore-cursor node-resumer node-retry node-rimraf node-run-queue
  node-safe-buffer node-schema-utils node-sellside-emitter node-semver
  node-serialize-javascript node-set-blocking node-set-immediate-shim
  node-set-value node-shebang-command node-shebang-regex node-shell-quote
  node-signal-exit node-slash node-slice-ansi node-source-list-map
  node-source-map node-source-map-support node-spdx-correct
  node-spdx-exceptions node-spdx-expression-parse node-spdx-license-ids
  node-sprintf-js node-ssri node-stack-utils node-string-decoder
  node-string-width node-strip-ansi node-strip-bom node-strip-json-comments
  node-supports-color node-tap node-tap-mocha-reporter node-tap-parser
  node-tapable node-tape node-tar node-terser node-text-table node-through
  node-time-stamp node-to-fast-properties node-to-regex-range node-tslib
  node-type-check node-typedarray node-typedarray-to-buffer node-undici
  node-unicode-canonical-property-names-ecmascript
  node-unicode-match-property-ecmascript
  node-unicode-match-property-value-ecmascript
  node-unicode-property-aliases-ecmascript node-union-value
  node-unique-filename node-unset-value node-uri-js node-util
  node-util-deprecate node-uuid node-v8-compile-cache node-v8flags
  node-validate-npm-package-license node-validate-npm-package-name
  node-watchpack node-wcwidth.js node-webassemblyjs node-webpack-sources
  node-which node-wide-align node-widest-line node-wordwrap node-wrap-ansi
  node-wrappy node-write node-write-file-atomic node-ws node-xtend node-y18n
  node-yallist node-yaml node-yargs node-yargs-parser nodejs nodejs-doc npm
  perl-openssl-defaults pkg-config pkgconf pkgconf-bin python3-dev python3-pip
  python3-pip-whl python3-setuptools-whl python3-venv python3-wheel
  python3.12-dev python3.12-venv rpcsvc-proto terser webpack x11-common
  x11-utils x11-xserver-utils xdg-utils zlib1g-dev zutty
The following packages will be upgraded:
  linux-tools-common
1 upgraded, 581 newly installed, 0 to remove and 15 not upgraded.
Need to get 180 MB of archives.
After this operation, 796 MB of additional disk space will be used.
Get:1 http://us-east-1.ec2.ports.ubuntu.com/ubuntu-ports noble-updates/main arm64 binutils-common arm64 2.42-4ubuntu2.10 [240 kB]
Get:2 http://us-east-1.ec2.ports.ubuntu.com/ubuntu-ports noble-updates/main arm64 libsframe1 arm64 2.42-4ubuntu2.10 [15.4 kB]
Get:3 http://us-east-1.ec2.ports.ubuntu.com/ubuntu-ports noble-updates/main arm64 libbinutils arm64 2.42-4ubuntu2.10 [766 kB]
Get:4 http://us-east-1.ec2.ports.ubuntu.com/ubuntu-ports noble-updates/main arm64 libctf-nobfd0 arm64 2.42-4ubuntu2.10 [101 kB]
Get:5 http://us-east-1.ec2.ports.ubuntu.com/ubuntu-ports noble-updates/main arm64 libctf0 arm64 2.42-4ubuntu2.10 [95.7 kB]
Get:6 http://us-east-1.ec2.ports.ubuntu.com/ubuntu-ports noble-updates/main arm64 libgprofng0 arm64 2.42-4ubuntu2.10 [776 kB]
Get:7 http://us-east-1.ec2.ports.ubuntu.com/ubuntu-ports noble-updates/main arm64 binutils-aarch64-linux-gnu arm64 2.42-4ubuntu2.10 [3304 kB]
Get:8 http://us-east-1.ec2.ports.ubuntu.com/ubuntu-ports noble-updates/main arm64 binutils arm64 2.42-4ubuntu2.10 [18.1 kB]
Get:9 http://us-east-1.ec2.ports.ubuntu.com/ubuntu-ports noble-updates/main arm64 libc-dev-bin arm64 2.39-0ubuntu8.7 [19.7 kB]
Get:10 http://us-east-1.ec2.ports.ubuntu.com/ubuntu-ports noble-updates/main arm64 linux-libc-dev arm64 6.8.0-136.136 [1550 kB]
Get:11 http://us-east-1.ec2.ports.ubuntu.com/ubuntu-ports noble/main arm64 libcrypt-dev arm64 1:4.4.36-4build1 [118 kB]
Get:12 http://us-east-1.ec2.ports.ubuntu.com/ubuntu-ports noble/main arm64 rpcsvc-proto arm64 1.4.2-0ubuntu7 [64.8 kB]
Get:13 http://us-east-1.ec2.ports.ubuntu.com/ubuntu-ports noble-updates/main arm64 libc6-dev arm64 2.39-0ubuntu8.7 [1596 kB]
Get:14 http://us-east-1.ec2.ports.ubuntu.com/ubuntu-ports noble-updates/main arm64 gcc-13-base arm64 13.3.0-6ubuntu2~24.04.1 [51.6 kB]
Get:15 http://us-east-1.ec2.ports.ubuntu.com/ubuntu-ports noble-updates/main arm64 libisl23 arm64 0.26-3build1.1 [669 kB]
Get:16 http://us-east-1.ec2.ports.ubuntu.com/ubuntu-ports noble-updates/main arm64 libmpc3 arm64 1.3.1-1build1.1 [56.4 kB]
Get:17 http://us-east-1.ec2.ports.ubuntu.com/ubuntu-ports noble-updates/main arm64 cpp-13-aarch64-linux-gnu arm64 13.3.0-6ubuntu2~24.04.1 [9560 kB]
Get:18 http://us-east-1.ec2.ports.ubuntu.com/ubuntu-ports noble-updates/main arm64 cpp-13 arm64 13.3.0-6ubuntu2~24.04.1 [1038 B]
Get:19 http://us-east-1.ec2.ports.ubuntu.com/ubuntu-ports noble/main arm64 cpp-aarch64-linux-gnu arm64 4:13.2.0-7ubuntu1 [5316 B]
Get:20 http://us-east-1.ec2.ports.ubuntu.com/ubuntu-ports noble/main arm64 cpp arm64 4:13.2.0-7ubuntu1 [22.4 kB]
Get:21 http://us-east-1.ec2.ports.ubuntu.com/ubuntu-ports noble-updates/main arm64 libcc1-0 arm64 14.2.0-4ubuntu2~24.04.1 [49.7 kB]
Get:22 http://us-east-1.ec2.ports.ubuntu.com/ubuntu-ports noble-updates/main arm64 libgomp1 arm64 14.2.0-4ubuntu2~24.04.1 [145 kB]
Get:23 http://us-east-1.ec2.ports.ubuntu.com/ubuntu-ports noble-updates/main arm64 libitm1 arm64 14.2.0-4ubuntu2~24.04.1 [28.2 kB]
Get:24 http://us-east-1.ec2.ports.ubuntu.com/ubuntu-ports noble-updates/main arm64 libatomic1 arm64 14.2.0-4ubuntu2~24.04.1 [11.6 kB]
Get:25 http://us-east-1.ec2.ports.ubuntu.com/ubuntu-ports noble-updates/main arm64 libasan8 arm64 14.2.0-4ubuntu2~24.04.1 [2928 kB]
Get:26 http://us-east-1.ec2.ports.ubuntu.com/ubuntu-ports noble-updates/main arm64 liblsan0 arm64 14.2.0-4ubuntu2~24.04.1 [1289 kB]
Get:27 http://us-east-1.ec2.ports.ubuntu.com/ubuntu-ports noble-updates/main arm64 libtsan2 arm64 14.2.0-4ubuntu2~24.04.1 [2697 kB]
Get:28 http://us-east-1.ec2.ports.ubuntu.com/ubuntu-ports noble-updates/main arm64 libubsan1 arm64 14.2.0-4ubuntu2~24.04.1 [1157 kB]
Get:29 http://us-east-1.ec2.ports.ubuntu.com/ubuntu-ports noble-updates/main arm64 libhwasan0 arm64 14.2.0-4ubuntu2~24.04.1 [1605 kB]
Get:30 http://us-east-1.ec2.ports.ubuntu.com/ubuntu-ports noble-updates/main arm64 libgcc-13-dev arm64 13.3.0-6ubuntu2~24.04.1 [2473 kB]
Get:31 http://us-east-1.ec2.ports.ubuntu.com/ubuntu-ports noble-updates/main arm64 gcc-13-aarch64-linux-gnu arm64 13.3.0-6ubuntu2~24.04.1 [18.7 MB]
Get:32 http://us-east-1.ec2.ports.ubuntu.com/ubuntu-ports noble-updates/main arm64 gcc-13 arm64 13.3.0-6ubuntu2~24.04.1 [484 kB]
Get:33 http://us-east-1.ec2.ports.ubuntu.com/ubuntu-ports noble/main arm64 gcc-aarch64-linux-gnu arm64 4:13.2.0-7ubuntu1 [1198 B]
Get:34 http://us-east-1.ec2.ports.ubuntu.com/ubuntu-ports noble/main arm64 gcc arm64 4:13.2.0-7ubuntu1 [5018 B]
Get:35 http://us-east-1.ec2.ports.ubuntu.com/ubuntu-ports noble-updates/main arm64 libstdc++-13-dev arm64 13.3.0-6ubuntu2~24.04.1 [2397 kB]
Get:36 http://us-east-1.ec2.ports.ubuntu.com/ubuntu-ports noble-updates/main arm64 g++-13-aarch64-linux-gnu arm64 13.3.0-6ubuntu2~24.04.1 [10.9 MB]
Get:37 http://us-east-1.ec2.ports.ubuntu.com/ubuntu-ports noble-updates/main arm64 g++-13 arm64 13.3.0-6ubuntu2~24.04.1 [16.0 kB]
Get:38 http://us-east-1.ec2.ports.ubuntu.com/ubuntu-ports noble/main arm64 g++-aarch64-linux-gnu arm64 4:13.2.0-7ubuntu1 [962 B]
Get:39 http://us-east-1.ec2.ports.ubuntu.com/ubuntu-ports noble/main arm64 g++ arm64 4:13.2.0-7ubuntu1 [1082 B]
Get:40 http://us-east-1.ec2.ports.ubuntu.com/ubuntu-ports noble/main arm64 make arm64 4.3-4.1build2 [178 kB]
Get:41 http://us-east-1.ec2.ports.ubuntu.com/ubuntu-ports noble-updates/main arm64 libdpkg-perl all 1.22.6ubuntu6.6 [268 kB]
Get:42 http://us-east-1.ec2.ports.ubuntu.com/ubuntu-ports noble-updates/main arm64 bzip2 arm64 1.0.8-5.1build0.1 [34.0 kB]
Get:43 http://us-east-1.ec2.ports.ubuntu.com/ubuntu-ports noble/main arm64 lto-disabled-list all 47 [12.4 kB]
Get:44 http://us-east-1.ec2.ports.ubuntu.com/ubuntu-ports noble-updates/main arm64 dpkg-dev all 1.22.6ubuntu6.6 [1074 kB]
Get:45 http://us-east-1.ec2.ports.ubuntu.com/ubuntu-ports noble/main arm64 build-essential arm64 12.10ubuntu1 [4932 B]
Get:46 http://us-east-1.ec2.ports.ubuntu.com/ubuntu-ports noble/universe arm64 node-fast-deep-equal all 3.1.3-3 [5844 B]
Get:47 http://us-east-1.ec2.ports.ubuntu.com/ubuntu-ports noble/universe arm64 node-json-schema-traverse all 1.0.0-3 [6338 B]
Get:48 http://us-east-1.ec2.ports.ubuntu.com/ubuntu-ports noble/universe arm64 node-jsonify all 0.0.1-1 [6724 B]
Get:49 http://us-east-1.ec2.ports.ubuntu.com/ubuntu-ports noble/universe arm64 node-json-stable-stringify all 1.0.2+repack1+~cs1.0.34-2 [7270 B]
Get:50 http://us-east-1.ec2.ports.ubuntu.com/ubuntu-ports noble/universe arm64 node-punycode all 2.2.3-2 [10.0 kB]
Get:51 http://us-east-1.ec2.ports.ubuntu.com/ubuntu-ports noble/universe arm64 node-uri-js all 4.4.0+dfsg-8 [52.5 kB]
Get:52 http://us-east-1.ec2.ports.ubuntu.com/ubuntu-ports noble/main arm64 libcares2 arm64 1.27.0-1.0ubuntu1 [74.1 kB]
Get:53 http://us-east-1.ec2.ports.ubuntu.com/ubuntu-ports noble/universe arm64 node-xtend all 4.0.2-3 [3902 B]
Get:54 http://us-east-1.ec2.ports.ubuntu.com/ubuntu-ports noble/universe arm64 node-acorn all 8.8.1+ds+~cs25.17.7-2 [115 kB]
Get:55 http://us-east-1.ec2.ports.ubuntu.com/ubuntu-ports noble/universe arm64 node-cjs-module-lexer all 1.2.3+dfsg-1 [32.1 kB]
Get:56 http://us-east-1.ec2.ports.ubuntu.com/ubuntu-ports noble/universe arm64 node-busboy all 1.6.0+~cs2.6.0-2 [17.3 kB]
Get:57 http://us-east-1.ec2.ports.ubuntu.com/ubuntu-ports noble/universe arm64 node-undici all 5.26.3+dfsg1+~cs23.10.12-2 [325 kB]
Get:58 http://us-east-1.ec2.ports.ubuntu.com/ubuntu-ports noble/universe arm64 libnode109 arm64 18.19.1+dfsg-6ubuntu5 [11.2 MB]
Get:59 http://us-east-1.ec2.ports.ubuntu.com/ubuntu-ports noble/universe arm64 nodejs arm64 18.19.1+dfsg-6ubuntu5 [306 kB]
Get:60 http://us-east-1.ec2.ports.ubuntu.com/ubuntu-ports noble/universe arm64 node-ajv all 8.12.0~ds+~2.1.1-4 [185 kB]
Get:61 http://us-east-1.ec2.ports.ubuntu.com/ubuntu-ports noble/universe arm64 libjs-inherits all 2.0.4-6 [3412 B]
Get:62 http://us-east-1.ec2.ports.ubuntu.com/ubuntu-ports noble/universe arm64 node-inherits all 2.0.4-6 [3004 B]
Get:63 http://us-east-1.ec2.ports.ubuntu.com/ubuntu-ports noble/universe arm64 node-core-util-is all 1.0.3-1 [4066 B]
Get:64 http://us-east-1.ec2.ports.ubuntu.com/ubuntu-ports noble/universe arm64 node-safe-buffer all 5.2.1+~cs2.1.2-3 [15.8 kB]
Get:65 http://us-east-1.ec2.ports.ubuntu.com/ubuntu-ports noble/universe arm64 node-string-decoder all 1.3.0-6 [7044 B]
Get:66 http://us-east-1.ec2.ports.ubuntu.com/ubuntu-ports noble/universe arm64 node-process-nextick-args all 2.0.1-3 [3804 B]
Get:67 http://us-east-1.ec2.ports.ubuntu.com/ubuntu-ports noble/universe arm64 node-util-deprecate all 1.0.2-3 [4202 B]
Get:68 http://us-east-1.ec2.ports.ubuntu.com/ubuntu-ports noble/universe arm64 node-isarray all 2.0.5-4 [4024 B]
Get:69 http://us-east-1.ec2.ports.ubuntu.com/ubuntu-ports noble/universe arm64 node-readable-stream all 3.6.0+~cs3.0.0-4build1 [32.4 kB]
Get:70 http://us-east-1.ec2.ports.ubuntu.com/ubuntu-ports noble/universe arm64 node-typedarray all 0.0.7-1 [9584 B]
Get:71 http://us-east-1.ec2.ports.ubuntu.com/ubuntu-ports noble/universe arm64 node-concat-stream all 2.0.0+~2.0.0-2 [6424 B]
Get:72 http://us-east-1.ec2.ports.ubuntu.com/ubuntu-ports noble/universe arm64 node-ms all 2.1.3+~cs0.7.31-3 [5738 B]
Get:73 http://us-east-1.ec2.ports.ubuntu.com/ubuntu-ports noble/universe arm64 node-debug all 4.3.4+~cs4.1.7-1 [17.7 kB]
Get:74 http://us-east-1.ec2.ports.ubuntu.com/ubuntu-ports noble/universe arm64 node-esutils all 2.0.3+~2.0.0-1 [13.0 kB]
Get:75 http://us-east-1.ec2.ports.ubuntu.com/ubuntu-ports noble/universe arm64 node-doctrine all 3.0.0-4 [18.3 kB]
Get:76 http://us-east-1.ec2.ports.ubuntu.com/ubuntu-ports noble/universe arm64 node-eslint-visitor-keys all 3.3.0+~1.0.0-1 [14.4 kB]
Get:77 http://us-east-1.ec2.ports.ubuntu.com/ubuntu-ports noble/universe arm64 node-estraverse all 5.3.0+ds+~5.1.1-1 [11.9 kB]
Get:78 http://us-east-1.ec2.ports.ubuntu.com/ubuntu-ports noble/universe arm64 node-object-assign all 4.1.1-7 [4686 B]
Get:79 http://us-east-1.ec2.ports.ubuntu.com/ubuntu-ports noble/universe arm64 node-esrecurse all 4.3.0-2 [6136 B]
Get:80 http://us-east-1.ec2.ports.ubuntu.com/ubuntu-ports noble/universe arm64 node-eslint-scope all 7.1.1+~3.7.4-1 [31.5 kB]
Get:81 http://us-east-1.ec2.ports.ubuntu.com/ubuntu-ports noble/universe arm64 node-espree all 9.4.1~dfsg-2 [21.0 kB]
Get:82 http://us-east-1.ec2.ports.ubuntu.com/ubuntu-ports noble/universe arm64 node-esquery all 1.4.2~ds-1 [26.0 kB]
Get:83 http://us-east-1.ec2.ports.ubuntu.com/ubuntu-ports noble/universe arm64 node-eslint-utils all 3.0.0-3 [15.8 kB]
Get:84 http://us-east-1.ec2.ports.ubuntu.com/ubuntu-ports noble/universe arm64 node-flatted all 3.2.7~ds-1 [10.0 kB]
Get:85 http://us-east-1.ec2.ports.ubuntu.com/ubuntu-ports noble/universe arm64 node-fs.realpath all 1.0.0-3 [6176 B]
Get:86 http://us-east-1.ec2.ports.ubuntu.com/ubuntu-ports noble/universe arm64 node-wrappy all 1.0.2-3 [3732 B]
Get:87 http://us-east-1.ec2.ports.ubuntu.com/ubuntu-ports noble/universe arm64 node-once all 1.4.1-1 [4664 B]
Get:88 http://us-east-1.ec2.ports.ubuntu.com/ubuntu-ports noble/universe arm64 node-inflight all 1.0.6-2 [3940 B]
Get:89 http://us-east-1.ec2.ports.ubuntu.com/ubuntu-ports noble/universe arm64 node-balanced-match all 2.0.0-1 [4910 B]
Get:90 http://us-east-1.ec2.ports.ubuntu.com/ubuntu-ports noble/universe arm64 node-brace-expansion all 2.0.1+~1.1.0-1 [8072 B]
Get:91 http://us-east-1.ec2.ports.ubuntu.com/ubuntu-ports noble/universe arm64 node-minimatch all 9.0.3-4build5 [51.1 kB]
Get:92 http://us-east-1.ec2.ports.ubuntu.com/ubuntu-ports noble/universe arm64 node-glob all 8.1.0+~cs8.5.15-1 [137 kB]
Get:93 http://us-east-1.ec2.ports.ubuntu.com/ubuntu-ports noble/universe arm64 node-rimraf all 3.0.2-2 [10.4 kB]
Get:94 http://us-east-1.ec2.ports.ubuntu.com/ubuntu-ports noble/universe arm64 node-write all 2.0.0~6.0.1+~3.0.4+~2.0.0+~1.0.0+~2.0.1-1 [16.0 kB]
Get:95 http://us-east-1.ec2.ports.ubuntu.com/ubuntu-ports noble/universe arm64 node-flat-cache all 3.0.4~6.0.1+~3.0.4+~2.0.0+~1.0.0+~2.0.1-1 [9050 B]
Get:96 http://us-east-1.ec2.ports.ubuntu.com/ubuntu-ports noble/universe arm64 node-file-entry-cache all 6.0.1+~3.0.4+~2.0.0+~1.0.0+~2.0.1-1 [12.2 kB]
Get:97 http://us-east-1.ec2.ports.ubuntu.com/ubuntu-ports noble/universe arm64 node-functional-red-black-tree all 1.0.1+20181105-7 [14.3 kB]
Get:98 http://us-east-1.ec2.ports.ubuntu.com/ubuntu-ports noble/universe arm64 node-is-extglob all 2.1.1-5 [4624 B]
Get:99 http://us-east-1.ec2.ports.ubuntu.com/ubuntu-ports noble/universe arm64 node-is-glob all 4.0.3-2 [6706 B]
Get:100 http://us-east-1.ec2.ports.ubuntu.com/ubuntu-ports noble/universe arm64 node-path-dirname all 1.0.2-2 [4326 B]
Get:101 http://us-east-1.ec2.ports.ubuntu.com/ubuntu-ports noble/universe arm64 node-glob-parent all 6.0.2+~5.1.1-2 [7050 B]
Get:102 http://us-east-1.ec2.ports.ubuntu.com/ubuntu-ports noble/universe arm64 node-globals all 13.23.0-1 [11.7 kB]
Get:103 http://us-east-1.ec2.ports.ubuntu.com/ubuntu-ports noble/universe arm64 node-resolve-from all 5.0.0+~3.1.0+~3.3.0+~2.0.0-1 [7332 B]
Get:104 http://us-east-1.ec2.ports.ubuntu.com/ubuntu-ports noble/universe arm64 node-imurmurhash all 0.1.4+dfsg+~0.1.1-2 [8504 B]
Get:105 http://us-east-1.ec2.ports.ubuntu.com/ubuntu-ports noble/universe arm64 node-ignore all 5.2.1-1 [24.2 kB]
Get:106 http://us-east-1.ec2.ports.ubuntu.com/ubuntu-ports noble/universe arm64 node-prelude-ls all 1.2.1+dfsg-3 [9812 B]
Get:107 http://us-east-1.ec2.ports.ubuntu.com/ubuntu-ports noble/universe arm64 node-type-check all 0.4.0+dfsg-3 [9318 B]
Get:108 http://us-east-1.ec2.ports.ubuntu.com/ubuntu-ports noble/universe arm64 node-levn all 0.4.1+dfsg-2 [10.3 kB]
Get:109 http://us-east-1.ec2.ports.ubuntu.com/ubuntu-ports noble/universe arm64 node-lodash all 4.17.21+dfsg+~cs8.31.198.20210220-9 [469 kB]
Get:110 http://us-east-1.ec2.ports.ubuntu.com/ubuntu-ports noble/universe arm64 node-memfs all 3.4.12+~cs1.0.3-1 [41.0 kB]
Get:111 http://us-east-1.ec2.ports.ubuntu.com/ubuntu-ports noble/universe arm64 node-mkdirp all 1.0.4+~1.0.2-4 [11.3 kB]
Get:112 http://us-east-1.ec2.ports.ubuntu.com/ubuntu-ports noble/universe arm64 node-deep-is all 0.1.4-1 [5158 B]
Get:113 http://us-east-1.ec2.ports.ubuntu.com/ubuntu-ports noble/universe arm64 node-fast-levenshtein all 2.0.6+ds-3 [6084 B]
Get:114 http://us-east-1.ec2.ports.ubuntu.com/ubuntu-ports noble/universe arm64 node-optionator all 0.9.1+dfsg+~cs1.2.3-1 [17.1 kB]
Get:115 http://us-east-1.ec2.ports.ubuntu.com/ubuntu-ports noble/universe arm64 node-progress all 2.0.3-2 [6704 B]
Get:116 http://us-east-1.ec2.ports.ubuntu.com/ubuntu-ports noble/universe arm64 libjs-regenerate all 1.4.2-3 [14.7 kB]
Get:117 http://us-east-1.ec2.ports.ubuntu.com/ubuntu-ports noble/universe arm64 node-regenerate all 1.4.2-3 [2340 B]
Get:118 http://us-east-1.ec2.ports.ubuntu.com/ubuntu-ports noble/universe arm64 node-regenerate-unicode-properties all 10.1.0+ds-1 [54.7 kB]
Get:119 http://us-east-1.ec2.ports.ubuntu.com/ubuntu-ports noble/universe arm64 node-regexpp all 3.2.0-5 [27.8 kB]
Get:120 http://us-east-1.ec2.ports.ubuntu.com/ubuntu-ports noble/universe arm64 node-yallist all 4.0.0+~4.0.1-1 [8322 B]
Get:121 http://us-east-1.ec2.ports.ubuntu.com/ubuntu-ports noble/universe arm64 node-lru-cache all 7.14.1-1 [23.9 kB]
Get:122 http://us-east-1.ec2.ports.ubuntu.com/ubuntu-ports noble/universe arm64 node-semver all 7.5.4+~7.5.0-2 [44.3 kB]
Get:123 http://us-east-1.ec2.ports.ubuntu.com/ubuntu-ports noble/universe arm64 node-strip-json-comments all 4.0.0-4 [5656 B]
Get:124 http://us-east-1.ec2.ports.ubuntu.com/ubuntu-ports noble/universe arm64 node-json-schema all 0.4.0+~7.0.11-1 [13.4 kB]
Get:125 http://us-east-1.ec2.ports.ubuntu.com/ubuntu-ports noble/universe arm64 node-v8-compile-cache all 2.4.0-2 [7686 B]
Get:126 http://us-east-1.ec2.ports.ubuntu.com/ubuntu-ports noble/universe arm64 eslint all 6.4.0~dfsg+~6.1.9-11build3 [354 kB]
Get:127 http://us-east-1.ec2.ports.ubuntu.com/ubuntu-ports noble/main arm64 libfakeroot arm64 1.33-1 [32.5 kB]
Get:128 http://us-east-1.ec2.ports.ubuntu.com/ubuntu-ports noble/main arm64 fakeroot arm64 1.33-1 [66.9 kB]
Get:129 http://us-east-1.ec2.ports.ubuntu.com/ubuntu-ports noble/main arm64 fonts-dejavu-mono all 2.37-8 [502 kB]
Get:130 http://us-east-1.ec2.ports.ubuntu.com/ubuntu-ports noble/main arm64 fonts-dejavu-core all 2.37-8 [835 kB]
Get:131 http://us-east-1.ec2.ports.ubuntu.com/ubuntu-ports noble/main arm64 fontconfig-config arm64 2.15.0-1.1ubuntu2 [37.4 kB]
Get:132 http://us-east-1.ec2.ports.ubuntu.com/ubuntu-ports noble/universe arm64 gyp all 0.1+20220404git9ecf45e-2 [238 kB]
Get:133 http://us-east-1.ec2.ports.ubuntu.com/ubuntu-ports noble/universe arm64 node-neo-async all 2.6.2+~cs3.0.0-3 [42.9 kB]
Get:134 http://us-east-1.ec2.ports.ubuntu.com/ubuntu-ports noble/universe arm64 node-arrify all 2.0.1-3 [3688 B]
Get:135 http://us-east-1.ec2.ports.ubuntu.com/ubuntu-ports noble/universe arm64 node-is-plain-obj all 3.0.0-2 [3994 B]
Get:136 http://us-east-1.ec2.ports.ubuntu.com/ubuntu-ports noble/universe arm64 node-is-buffer all 2.0.5-2 [4128 B]
Get:137 http://us-east-1.ec2.ports.ubuntu.com/ubuntu-ports noble/universe arm64 node-kind-of all 6.0.3+dfsg-2 [8628 B]
Get:138 http://us-east-1.ec2.ports.ubuntu.com/ubuntu-ports noble/universe arm64 node-minimist all 1.2.8+~cs5.3.5-1 [10.2 kB]
Get:139 http://us-east-1.ec2.ports.ubuntu.com/ubuntu-ports noble/universe arm64 node-wordwrap all 1.0.0-4 [4644 B]
Get:140 http://us-east-1.ec2.ports.ubuntu.com/ubuntu-ports noble/universe arm64 node-optimist all 0.6.1+~0.0.30-2 [13.8 kB]
Get:141 http://us-east-1.ec2.ports.ubuntu.com/ubuntu-ports noble/universe arm64 libjs-source-map all 0.7.0++dfsg2+really.0.6.1-15 [27.1 kB]
Get:142 http://us-east-1.ec2.ports.ubuntu.com/ubuntu-ports noble/universe arm64 node-source-map all 0.7.0++dfsg2+really.0.6.1-15 [42.8 kB]
Get:143 http://us-east-1.ec2.ports.ubuntu.com/ubuntu-ports noble/universe arm64 handlebars all 3:4.7.7+~4.1.0-1 [211 kB]
Get:144 http://us-east-1.ec2.ports.ubuntu.com/ubuntu-ports noble/main arm64 javascript-common all 11+nmu1 [5936 B]
Get:145 http://us-east-1.ec2.ports.ubuntu.com/ubuntu-ports noble/main arm64 libalgorithm-diff-perl all 1.201-1 [41.8 kB]
Get:146 http://us-east-1.ec2.ports.ubuntu.com/ubuntu-ports noble/main arm64 libalgorithm-diff-xs-perl arm64 0.04-8build3 [10.9 kB]
Get:147 http://us-east-1.ec2.ports.ubuntu.com/ubuntu-ports noble/main arm64 libalgorithm-merge-perl all 0.08-5 [11.4 kB]
Get:148 http://us-east-1.ec2.ports.ubuntu.com/ubuntu-ports noble-updates/main arm64 libaom3 arm64 3.8.2-2ubuntu0.1 [1617 kB]
Get:149 http://us-east-1.ec2.ports.ubuntu.com/ubuntu-ports noble/main arm64 libfontconfig1 arm64 2.15.0-1.1ubuntu2 [142 kB]
Get:150 http://us-east-1.ec2.ports.ubuntu.com/ubuntu-ports noble/main arm64 libsharpyuv0 arm64 1.3.2-0.4build3 [14.5 kB]
Get:151 http://us-east-1.ec2.ports.ubuntu.com/ubuntu-ports noble-updates/main arm64 libheif-plugin-aomdec arm64 1.17.6-1ubuntu4.6 [11.1 kB]
Get:152 http://us-east-1.ec2.ports.ubuntu.com/ubuntu-ports noble-updates/main arm64 libheif1 arm64 1.17.6-1ubuntu4.6 [260 kB]
Get:153 http://us-east-1.ec2.ports.ubuntu.com/ubuntu-ports noble/main arm64 libjpeg-turbo8 arm64 2.1.5-2ubuntu2 [163 kB]
Get:154 http://us-east-1.ec2.ports.ubuntu.com/ubuntu-ports noble/main arm64 libjpeg8 arm64 8c-2ubuntu11 [2148 B]
Get:155 http://us-east-1.ec2.ports.ubuntu.com/ubuntu-ports noble-updates/main arm64 libdeflate0 arm64 1.19-1build1.1 [43.5 kB]
Get:156 http://us-east-1.ec2.ports.ubuntu.com/ubuntu-ports noble/main arm64 libjbig0 arm64 2.1-6.1ubuntu2 [29.3 kB]
Get:157 http://us-east-1.ec2.ports.ubuntu.com/ubuntu-ports noble/main arm64 liblerc4 arm64 4.0.0+ds-4ubuntu2 [154 kB]
Get:158 http://us-east-1.ec2.ports.ubuntu.com/ubuntu-ports noble/main arm64 libwebp7 arm64 1.3.2-0.4build3 [191 kB]
Get:159 http://us-east-1.ec2.ports.ubuntu.com/ubuntu-ports noble-updates/main arm64 libtiff6 arm64 4.5.1+git230720-4ubuntu2.5 [192 kB]
Get:160 http://us-east-1.ec2.ports.ubuntu.com/ubuntu-ports noble/main arm64 libxpm4 arm64 1:3.5.17-1build2 [35.1 kB]
Get:161 http://us-east-1.ec2.ports.ubuntu.com/ubuntu-ports noble/main arm64 libgd3 arm64 2.3.3-9ubuntu5 [122 kB]
Get:162 http://us-east-1.ec2.ports.ubuntu.com/ubuntu-ports noble-updates/main arm64 libc-devtools arm64 2.39-0ubuntu8.7 [27.8 kB]
Get:163 http://us-east-1.ec2.ports.ubuntu.com/ubuntu-ports noble/main arm64 libclone-perl arm64 0.46-1build3 [10.5 kB]
Get:164 http://us-east-1.ec2.ports.ubuntu.com/ubuntu-ports noble/main arm64 libdata-dump-perl all 1.25-1 [25.9 kB]
Get:165 http://us-east-1.ec2.ports.ubuntu.com/ubuntu-ports noble-updates/main arm64 libllvm20 arm64 1:20.1.2-0ubuntu1~24.04.3 [29.3 MB]
Get:166 http://us-east-1.ec2.ports.ubuntu.com/ubuntu-ports noble/main arm64 libx11-xcb1 arm64 2:1.8.7-1build1 [7870 B]
Get:167 http://us-east-1.ec2.ports.ubuntu.com/ubuntu-ports noble/main arm64 libxcb-dri3-0 arm64 1.15-1ubuntu2 [7196 B]
Get:168 http://us-east-1.ec2.ports.ubuntu.com/ubuntu-ports noble/main arm64 libxcb-present0 arm64 1.15-1ubuntu2 [5866 B]
Get:169 http://us-east-1.ec2.ports.ubuntu.com/ubuntu-ports noble/main arm64 libxcb-randr0 arm64 1.15-1ubuntu2 [18.4 kB]
Get:170 http://us-east-1.ec2.ports.ubuntu.com/ubuntu-ports noble/main arm64 libxcb-sync1 arm64 1.15-1ubuntu2 [9682 B]
Get:171 http://us-east-1.ec2.ports.ubuntu.com/ubuntu-ports noble/main arm64 libxcb-xfixes0 arm64 1.15-1ubuntu2 [10.6 kB]
Get:172 http://us-east-1.ec2.ports.ubuntu.com/ubuntu-ports noble/main arm64 libxshmfence1 arm64 1.3-1build5 [4938 B]
Get:173 http://us-east-1.ec2.ports.ubuntu.com/ubuntu-ports noble-updates/main arm64 mesa-libgallium arm64 25.2.8-0ubuntu0.24.04.2 [12.1 MB]
Get:174 http://us-east-1.ec2.ports.ubuntu.com/ubuntu-ports noble-updates/main arm64 libgbm1 arm64 25.2.8-0ubuntu0.24.04.2 [35.0 kB]
Get:175 http://us-east-1.ec2.ports.ubuntu.com/ubuntu-ports noble/main arm64 libwayland-client0 arm64 1.22.0-2.1build1 [25.9 kB]
Get:176 http://us-east-1.ec2.ports.ubuntu.com/ubuntu-ports noble/main arm64 libxcb-shm0 arm64 1.15-1ubuntu2 [5876 B]
Get:177 http://us-east-1.ec2.ports.ubuntu.com/ubuntu-ports noble-updates/main arm64 libegl-mesa0 arm64 25.2.8-0ubuntu0.24.04.2 [117 kB]
Get:178 http://us-east-1.ec2.ports.ubuntu.com/ubuntu-ports noble/main arm64 libencode-locale-perl all 1.05-3 [11.6 kB]
Get:179 http://us-east-1.ec2.ports.ubuntu.com/ubuntu-ports noble-updates/main arm64 libexpat1-dev arm64 2.6.1-2ubuntu0.4 [128 kB]
Get:180 http://us-east-1.ec2.ports.ubuntu.com/ubuntu-ports noble/main arm64 libipc-system-simple-perl all 1.30-2 [22.3 kB]
Get:181 http://us-east-1.ec2.ports.ubuntu.com/ubuntu-ports noble/main arm64 libfile-basedir-perl all 0.09-2 [14.4 kB]
Get:182 http://us-east-1.ec2.ports.ubuntu.com/ubuntu-ports noble/main arm64 liburi-perl all 5.27-1 [88.0 kB]
Get:183 http://us-east-1.ec2.ports.ubuntu.com/ubuntu-ports noble/main arm64 libfile-desktopentry-perl all 0.22-3 [16.8 kB]
Get:184 http://us-east-1.ec2.ports.ubuntu.com/ubuntu-ports noble/main arm64 libfile-fcntllock-perl arm64 0.22-4ubuntu5 [30.6 kB]
Get:185 http://us-east-1.ec2.ports.ubuntu.com/ubuntu-ports noble/main arm64 libtimedate-perl all 2.3300-2 [34.0 kB]
Get:186 http://us-east-1.ec2.ports.ubuntu.com/ubuntu-ports noble/main arm64 libhttp-date-perl all 6.06-1 [10.2 kB]
Get:187 http://us-east-1.ec2.ports.ubuntu.com/ubuntu-ports noble/main arm64 libfile-listing-perl all 6.16-1 [11.3 kB]
Get:188 http://us-east-1.ec2.ports.ubuntu.com/ubuntu-ports noble/main arm64 libfile-mimeinfo-perl all 0.34-1 [42.1 kB]
Get:189 http://us-east-1.ec2.ports.ubuntu.com/ubuntu-ports noble/main arm64 libfont-afm-perl all 1.20-4 [13.0 kB]
Get:190 http://us-east-1.ec2.ports.ubuntu.com/ubuntu-ports noble-updates/main arm64 libgdk-pixbuf2.0-common all 2.42.10+dfsg-3ubuntu3.3 [8302 B]
Get:191 http://us-east-1.ec2.ports.ubuntu.com/ubuntu-ports noble-updates/main arm64 libgdk-pixbuf-2.0-0 arm64 2.42.10+dfsg-3ubuntu3.3 [146 kB]
Get:192 http://us-east-1.ec2.ports.ubuntu.com/ubuntu-ports noble-updates/main arm64 libgdk-pixbuf2.0-bin arm64 2.42.10+dfsg-3ubuntu3.3 [14.2 kB]
Get:193 http://us-east-1.ec2.ports.ubuntu.com/ubuntu-ports noble/main arm64 libvulkan1 arm64 1.3.275.0-1build1 [150 kB]
Get:194 http://us-east-1.ec2.ports.ubuntu.com/ubuntu-ports noble-updates/main arm64 libgl1-mesa-dri arm64 25.2.8-0ubuntu0.24.04.2 [36.6 kB]
Get:195 http://us-east-1.ec2.ports.ubuntu.com/ubuntu-ports noble/main arm64 libxcb-glx0 arm64 1.15-1ubuntu2 [25.5 kB]
Get:196 http://us-east-1.ec2.ports.ubuntu.com/ubuntu-ports noble/main arm64 libxxf86vm1 arm64 1:1.1.4-1build4 [9130 B]
Get:197 http://us-east-1.ec2.ports.ubuntu.com/ubuntu-ports noble-updates/main arm64 libglx-mesa0 arm64 25.2.8-0ubuntu0.24.04.2 [111 kB]
Get:198 http://us-east-1.ec2.ports.ubuntu.com/ubuntu-ports noble-updates/main arm64 libheif-plugin-aomenc arm64 1.17.6-1ubuntu4.6 [13.7 kB]
Get:199 http://us-east-1.ec2.ports.ubuntu.com/ubuntu-ports noble/main arm64 libhtml-tagset-perl all 3.20-6 [11.3 kB]
Get:200 http://us-east-1.ec2.ports.ubuntu.com/ubuntu-ports noble/main arm64 libhtml-parser-perl arm64 3.81-1build3 [85.0 kB]
Get:201 http://us-east-1.ec2.ports.ubuntu.com/ubuntu-ports noble/main arm64 libio-html-perl all 1.004-3 [15.9 kB]
Get:202 http://us-east-1.ec2.ports.ubuntu.com/ubuntu-ports noble/main arm64 liblwp-mediatypes-perl all 6.04-2 [20.1 kB]
Get:203 http://us-east-1.ec2.ports.ubuntu.com/ubuntu-ports noble/main arm64 libhttp-message-perl all 6.45-1ubuntu1 [78.2 kB]
Get:204 http://us-east-1.ec2.ports.ubuntu.com/ubuntu-ports noble/main arm64 libhtml-form-perl all 6.11-1 [32.1 kB]
Get:205 http://us-east-1.ec2.ports.ubuntu.com/ubuntu-ports noble/main arm64 libhtml-tree-perl all 5.07-3 [200 kB]
Get:206 http://us-east-1.ec2.ports.ubuntu.com/ubuntu-ports noble/main arm64 libhtml-format-perl all 2.16-2 [36.9 kB]
Get:207 http://us-east-1.ec2.ports.ubuntu.com/ubuntu-ports noble/main arm64 libhttp-cookies-perl all 6.11-1 [18.2 kB]
Get:208 http://us-east-1.ec2.ports.ubuntu.com/ubuntu-ports noble-updates/main arm64 libhttp-daemon-perl all 6.16-1ubuntu0.24.04.1 [22.8 kB]
Get:209 http://us-east-1.ec2.ports.ubuntu.com/ubuntu-ports noble/main arm64 libhttp-negotiate-perl all 6.01-2 [12.4 kB]
Get:210 http://us-east-1.ec2.ports.ubuntu.com/ubuntu-ports noble/main arm64 x11-common all 1:7.7+23ubuntu3 [21.7 kB]
Get:211 http://us-east-1.ec2.ports.ubuntu.com/ubuntu-ports noble/main arm64 libice6 arm64 2:1.0.10-1build3 [41.1 kB]
Get:212 http://us-east-1.ec2.ports.ubuntu.com/ubuntu-ports noble/main arm64 perl-openssl-defaults arm64 7build3 [6628 B]
Get:213 http://us-east-1.ec2.ports.ubuntu.com/ubuntu-ports noble/main arm64 libnet-ssleay-perl arm64 1.94-1build4 [311 kB]
Get:214 http://us-east-1.ec2.ports.ubuntu.com/ubuntu-ports noble/main arm64 libio-socket-ssl-perl all 2.085-1 [195 kB]
Get:215 http://us-east-1.ec2.ports.ubuntu.com/ubuntu-ports noble/main arm64 libio-stringy-perl all 2.111-3 [55.8 kB]
Get:216 http://us-east-1.ec2.ports.ubuntu.com/ubuntu-ports noble/universe arm64 libjs-async all 0.8.0-6 [24.1 kB]
Get:217 http://us-east-1.ec2.ports.ubuntu.com/ubuntu-ports noble/universe arm64 libjs-events all 3.3.0+~3.0.0-3 [9762 B]
Get:218 http://us-east-1.ec2.ports.ubuntu.com/ubuntu-ports noble/universe arm64 libjs-is-typedarray all 1.0.0-4 [3804 B]
Get:219 http://us-east-1.ec2.ports.ubuntu.com/ubuntu-ports noble/main arm64 libjs-jquery all 3.6.1+dfsg+~3.5.14-1 [328 kB]
Get:220 http://us-east-1.ec2.ports.ubuntu.com/ubuntu-ports noble/universe arm64 libjs-prettify all 2015.12.04+dfsg-1.1 [39.3 kB]
Get:221 http://us-east-1.ec2.ports.ubuntu.com/ubuntu-ports noble/main arm64 libjs-underscore all 1.13.4~dfsg+~1.11.4-3 [118 kB]
Get:222 http://us-east-1.ec2.ports.ubuntu.com/ubuntu-ports noble/main arm64 libjs-sphinxdoc all 7.2.6-6 [149 kB]
Get:223 http://us-east-1.ec2.ports.ubuntu.com/ubuntu-ports noble/universe arm64 libjs-sprintf-js all 1.1.2+ds1+~1.1.2-1 [12.8 kB]
Get:224 http://us-east-1.ec2.ports.ubuntu.com/ubuntu-ports noble/universe arm64 libjs-typedarray-to-buffer all 4.0.0-2 [4658 B]
Get:225 http://us-east-1.ec2.ports.ubuntu.com/ubuntu-ports noble/universe arm64 node-lodash-packages all 4.17.21+dfsg+~cs8.31.198.20210220-9 [176 kB]
Get:226 http://us-east-1.ec2.ports.ubuntu.com/ubuntu-ports noble/universe arm64 node-function-bind all 1.1.2+~cs2.1.14-1 [20.3 kB]
Get:227 http://us-east-1.ec2.ports.ubuntu.com/ubuntu-ports noble/universe arm64 node-object-inspect all 1.12.2+~cs1.8.1-1 [11.4 kB]
Get:228 http://us-east-1.ec2.ports.ubuntu.com/ubuntu-ports noble/universe arm64 node-es-abstract all 1.20.4+~cs26.27.47-1 [139 kB]
Get:229 http://us-east-1.ec2.ports.ubuntu.com/ubuntu-ports noble/universe arm64 node-resolve all 1.22.8+~cs5.34.15-2 [23.3 kB]
Get:230 http://us-east-1.ec2.ports.ubuntu.com/ubuntu-ports noble/universe arm64 node-define-properties all 1.2.1+~cs2.2.3-1 [7472 B]
Get:231 http://us-east-1.ec2.ports.ubuntu.com/ubuntu-ports noble/universe arm64 node-debbundle-es-to-primitive all 1.2.1+~cs9.7.25-2 [14.1 kB]
Get:232 http://us-east-1.ec2.ports.ubuntu.com/ubuntu-ports noble/universe arm64 node-isobject all 4.0.0-2 [5374 B]
Get:233 http://us-east-1.ec2.ports.ubuntu.com/ubuntu-ports noble/universe arm64 node-is-descriptor all 3.0.0-2 [5606 B]
Get:234 http://us-east-1.ec2.ports.ubuntu.com/ubuntu-ports noble/universe arm64 node-define-property all 2.0.2+really+2.0.2-3 [5846 B]
Get:235 http://us-east-1.ec2.ports.ubuntu.com/ubuntu-ports noble/universe arm64 node-defined all 1.0.1+~1.0.0-1 [5276 B]
Get:236 http://us-east-1.ec2.ports.ubuntu.com/ubuntu-ports noble/universe arm64 node-abbrev all 1.1.1+~1.1.2-1 [5784 B]
Get:237 http://us-east-1.ec2.ports.ubuntu.com/ubuntu-ports noble/universe arm64 node-archy all 1.0.0-6 [4588 B]
Get:238 http://us-east-1.ec2.ports.ubuntu.com/ubuntu-ports noble/universe arm64 node-async all 0.8.0-6 [2614 B]
Get:239 http://us-east-1.ec2.ports.ubuntu.com/ubuntu-ports noble/universe arm64 node-convert-source-map all 1.9.0+~1.5.2-1 [8332 B]
Get:240 http://us-east-1.ec2.ports.ubuntu.com/ubuntu-ports noble/universe arm64 node-decamelize all 4.0.0-2 [4016 B]
Get:241 http://us-east-1.ec2.ports.ubuntu.com/ubuntu-ports noble/universe arm64 node-es6-error all 4.1.1-5 [5802 B]
Get:242 http://us-east-1.ec2.ports.ubuntu.com/ubuntu-ports noble/universe arm64 node-esprima all 4.0.1+ds+~4.0.3-2 [69.3 kB]
Get:243 http://us-east-1.ec2.ports.ubuntu.com/ubuntu-ports noble/universe arm64 node-escodegen all 2.1.0+dfsg+~0.0.8-1 [23.5 kB]
Get:244 http://us-east-1.ec2.ports.ubuntu.com/ubuntu-ports noble/universe arm64 node-commondir all 1.0.1+~1.0.0-1 [4400 B]
Get:245 http://us-east-1.ec2.ports.ubuntu.com/ubuntu-ports noble/universe arm64 node-is-number all 7.0.0-4 [5894 B]
Get:246 http://us-east-1.ec2.ports.ubuntu.com/ubuntu-ports noble/universe arm64 node-repeat-string all 1.6.1+repack-1 [5660 B]
Get:247 http://us-east-1.ec2.ports.ubuntu.com/ubuntu-ports noble/universe arm64 node-to-regex-range all 5.0.1-4 [10.7 kB]
Get:248 http://us-east-1.ec2.ports.ubuntu.com/ubuntu-ports noble/universe arm64 node-fill-range all 7.0.1+~7.0.0-1 [9098 B]
Get:249 http://us-east-1.ec2.ports.ubuntu.com/ubuntu-ports noble/universe arm64 node-braces all 3.0.2+~3.0.1-1 [19.4 kB]
Get:250 http://us-east-1.ec2.ports.ubuntu.com/ubuntu-ports noble/universe arm64 node-normalize-path all 3.0.0+~3.0.0-1 [6718 B]
Get:251 http://us-east-1.ec2.ports.ubuntu.com/ubuntu-ports noble/universe arm64 node-anymatch all 3.1.3+~cs4.6.1-2 [31.3 kB]
Get:252 http://us-east-1.ec2.ports.ubuntu.com/ubuntu-ports noble/universe arm64 node-micromatch all 4.0.5+~4.0.2-1 [23.5 kB]
Get:253 http://us-east-1.ec2.ports.ubuntu.com/ubuntu-ports noble/universe arm64 node-pify all 5.0.0+~cs5.0.1-1 [7148 B]
Get:254 http://us-east-1.ec2.ports.ubuntu.com/ubuntu-ports noble/universe arm64 node-path-type all 4.0.0-3 [3934 B]
Get:255 http://us-east-1.ec2.ports.ubuntu.com/ubuntu-ports noble/universe arm64 node-n3 all 1.16.3+~1.2.3+~1.10.4-1 [37.7 kB]
Get:256 http://us-east-1.ec2.ports.ubuntu.com/ubuntu-ports noble/universe arm64 node-slash all 4.0.0-3 [4326 B]
Get:257 http://us-east-1.ec2.ports.ubuntu.com/ubuntu-ports noble/universe arm64 node-globby all 13.1.3+~cs16.25.40-2 [41.4 kB]
Get:258 http://us-east-1.ec2.ports.ubuntu.com/ubuntu-ports noble/universe arm64 node-graceful-fs all 4.2.10-1 [14.0 kB]
Get:259 http://us-east-1.ec2.ports.ubuntu.com/ubuntu-ports noble/universe arm64 node-is-path-cwd all 2.2.0-2 [3650 B]
Get:260 http://us-east-1.ec2.ports.ubuntu.com/ubuntu-ports noble/universe arm64 node-path-is-inside all 1.0.2+~1.0.0-1 [5098 B]
Get:261 http://us-east-1.ec2.ports.ubuntu.com/ubuntu-ports noble/universe arm64 node-is-path-inside all 3.0.3-2 [3982 B]
Get:262 http://us-east-1.ec2.ports.ubuntu.com/ubuntu-ports noble/universe arm64 node-escape-string-regexp all 4.0.0-2 [4328 B]
Get:263 http://us-east-1.ec2.ports.ubuntu.com/ubuntu-ports noble/universe arm64 node-indent-string all 4.0.0-2 [4122 B]
Get:264 http://us-east-1.ec2.ports.ubuntu.com/ubuntu-ports noble/universe arm64 node-p-map all 4.0.0+~3.1.0+~3.0.1-1 [8058 B]
Get:265 http://us-east-1.ec2.ports.ubuntu.com/ubuntu-ports noble/universe arm64 node-del all 7.0.0-5 [6928 B]
Get:266 http://us-east-1.ec2.ports.ubuntu.com/ubuntu-ports noble/universe arm64 node-make-dir all 3.1.0-3 [6096 B]
Get:267 http://us-east-1.ec2.ports.ubuntu.com/ubuntu-ports noble/universe arm64 node-p-limit all 4.0.0+~cs4.0.0-5 [7722 B]
Get:268 http://us-east-1.ec2.ports.ubuntu.com/ubuntu-ports noble/universe arm64 node-p-locate all 6.0.0-12 [5340 B]
Get:269 http://us-east-1.ec2.ports.ubuntu.com/ubuntu-ports noble/universe arm64 node-locate-path all 7.1.1-2 [5448 B]
Get:270 http://us-east-1.ec2.ports.ubuntu.com/ubuntu-ports noble/universe arm64 node-path-exists all 5.0.0-8 [4602 B]
Get:271 http://us-east-1.ec2.ports.ubuntu.com/ubuntu-ports noble/universe arm64 node-find-up all 6.3.0-7 [9340 B]
Get:272 http://us-east-1.ec2.ports.ubuntu.com/ubuntu-ports noble/universe arm64 node-pkg-dir all 5.0.0-2 [4270 B]
Get:273 http://us-east-1.ec2.ports.ubuntu.com/ubuntu-ports noble/universe arm64 node-find-cache-dir all 3.3.2+~3.2.1-1 [6210 B]
Get:274 http://us-east-1.ec2.ports.ubuntu.com/ubuntu-ports noble/universe arm64 node-signal-exit all 4.1.0-6 [14.1 kB]
Get:275 http://us-east-1.ec2.ports.ubuntu.com/ubuntu-ports noble/universe arm64 node-foreground-child all 3.1.1-2 [12.4 kB]
Get:276 http://us-east-1.ec2.ports.ubuntu.com/ubuntu-ports noble/universe arm64 node-is-stream all 3.0.0-4 [5106 B]
Get:277 http://us-east-1.ec2.ports.ubuntu.com/ubuntu-ports noble/universe arm64 node-is-windows all 1.0.2+~cs1.0.0-1 [5980 B]
Get:278 http://us-east-1.ec2.ports.ubuntu.com/ubuntu-ports noble/universe arm64 node-ampproject-remapping all 2.2.0+~cs5.15.37-1 [62.4 kB]
Get:279 http://us-east-1.ec2.ports.ubuntu.com/ubuntu-ports noble/universe arm64 node-sprintf-js all 1.1.2+ds1+~1.1.2-1 [3916 B]
Get:280 http://us-east-1.ec2.ports.ubuntu.com/ubuntu-ports noble/universe arm64 node-argparse all 2.0.1-2 [33.2 kB]
Get:281 http://us-east-1.ec2.ports.ubuntu.com/ubuntu-ports noble/universe arm64 node-js-yaml all 4.1.0+dfsg+~4.0.5-7 [61.9 kB]
Get:282 http://us-east-1.ec2.ports.ubuntu.com/ubuntu-ports noble/universe arm64 node-nopt all 5.0.0-4 [10.9 kB]
Get:283 http://us-east-1.ec2.ports.ubuntu.com/ubuntu-ports noble/universe arm64 node-npm-run-path all 5.1.0+~4.0.0-8 [6402 B]
Get:284 http://us-east-1.ec2.ports.ubuntu.com/ubuntu-ports noble/universe arm64 node-shebang-regex all 3.0.0-2 [3504 B]
Get:285 http://us-east-1.ec2.ports.ubuntu.com/ubuntu-ports noble/universe arm64 node-shebang-command all 2.0.0-1 [3456 B]
Get:286 http://us-east-1.ec2.ports.ubuntu.com/ubuntu-ports noble/universe arm64 node-strip-bom all 4.0.0-2 [4158 B]
Get:287 http://us-east-1.ec2.ports.ubuntu.com/ubuntu-ports noble/universe arm64 node-has-flag all 4.0.0-3 [4268 B]
Get:288 http://us-east-1.ec2.ports.ubuntu.com/ubuntu-ports noble/universe arm64 node-supports-color all 8.1.1+~8.1.1-1 [7048 B]
Get:289 http://us-east-1.ec2.ports.ubuntu.com/ubuntu-ports noble/universe arm64 node-util all 0.12.5+~1.0.10-1 [3760 B]
Get:290 http://us-east-1.ec2.ports.ubuntu.com/ubuntu-ports noble/universe arm64 node-assert all 2.0.0+~cs3.9.8-2 [26.2 kB]
Get:291 http://us-east-1.ec2.ports.ubuntu.com/ubuntu-ports noble/universe arm64 node-babel-plugin-add-module-exports all 1.0.4+dfsg1~cs5.8.0-4 [8860 B]
Get:292 http://us-east-1.ec2.ports.ubuntu.com/ubuntu-ports noble/universe arm64 node-regenerator-runtime all 0.15.2+~0.10.8-1 [10.9 kB]
Get:293 http://us-east-1.ec2.ports.ubuntu.com/ubuntu-ports noble/universe arm64 node-babel7-runtime all 7.20.15+ds1+~cs214.269.168-6build1 [43.2 kB]
Get:294 http://us-east-1.ec2.ports.ubuntu.com/ubuntu-ports noble/universe arm64 node-babel-helper-define-polyfill-provider all 0.3.3~0~20220913+ds1-1 [28.4 kB]
Get:295 http://us-east-1.ec2.ports.ubuntu.com/ubuntu-ports noble/universe arm64 node-babel-plugin-polyfill-corejs2 all 0.3.3~0~20220913+ds1-1 [17.2 kB]
Get:296 http://us-east-1.ec2.ports.ubuntu.com/ubuntu-ports noble/universe arm64 node-caniuse-lite all 1.0.30001571+dfsg+~1.0.5-1 [348 kB]
Get:297 http://us-east-1.ec2.ports.ubuntu.com/ubuntu-ports noble/universe arm64 node-electron-to-chromium all 1.4.616-1 [39.6 kB]
Get:298 http://us-east-1.ec2.ports.ubuntu.com/ubuntu-ports noble/universe arm64 node-picocolors all 1.0.0-4 [6176 B]
Get:299 http://us-east-1.ec2.ports.ubuntu.com/ubuntu-ports noble/universe arm64 node-browserslist all 4.22.1+~cs6.1.28-1 [72.9 kB]
Get:300 http://us-east-1.ec2.ports.ubuntu.com/ubuntu-ports noble/universe arm64 node-core-js-compat all 3.33.2-1build2 [39.1 kB]
Get:301 http://us-east-1.ec2.ports.ubuntu.com/ubuntu-ports noble/universe arm64 node-babel-plugin-polyfill-corejs3 all 0.6.0~0~20220913+ds1-1 [30.2 kB]
Get:302 http://us-east-1.ec2.ports.ubuntu.com/ubuntu-ports noble/universe arm64 node-babel-plugin-polyfill-regenerator all 0.4.1~0~20220913+ds1-1 [4366 B]
Get:303 http://us-east-1.ec2.ports.ubuntu.com/ubuntu-ports noble/universe arm64 node-color-name all 1.1.4+~1.1.1-2 [6076 B]
Get:304 http://us-east-1.ec2.ports.ubuntu.com/ubuntu-ports noble/universe arm64 node-color-convert all 2.0.1+~cs2.0.0-2 [12.8 kB]
Get:305 http://us-east-1.ec2.ports.ubuntu.com/ubuntu-ports noble/universe arm64 node-ansi-styles all 6.2.1-2 [8768 B]
Get:306 http://us-east-1.ec2.ports.ubuntu.com/ubuntu-ports noble/universe arm64 node-chalk all 5.3.0-1build1 [18.8 kB]
Get:307 http://us-east-1.ec2.ports.ubuntu.com/ubuntu-ports noble/universe arm64 node-for-in all 1.0.2-4 [4856 B]
Get:308 http://us-east-1.ec2.ports.ubuntu.com/ubuntu-ports noble/universe arm64 node-for-own all 1.0.0-3 [4708 B]
Get:309 http://us-east-1.ec2.ports.ubuntu.com/ubuntu-ports noble/universe arm64 node-is-plain-object all 5.0.0-7 [6338 B]
Get:310 http://us-east-1.ec2.ports.ubuntu.com/ubuntu-ports noble/universe arm64 node-is-extendable all 1.0.1-3 [5258 B]
Get:311 http://us-east-1.ec2.ports.ubuntu.com/ubuntu-ports noble/universe arm64 node-clone-deep all 4.0.1+~cs7.0.2-1 [6822 B]
Get:312 http://us-east-1.ec2.ports.ubuntu.com/ubuntu-ports noble/universe arm64 node-commander all 9.4.1-1 [50.6 kB]
Get:313 http://us-east-1.ec2.ports.ubuntu.com/ubuntu-ports noble/universe arm64 node-core-js all 3.33.2-1build2 [270 kB]
Get:314 http://us-east-1.ec2.ports.ubuntu.com/ubuntu-ports noble/universe arm64 node-core-js-pure all 3.33.2-1build2 [250 kB]
Get:315 http://us-east-1.ec2.ports.ubuntu.com/ubuntu-ports noble/universe arm64 node-fs-readdir-recursive all 1.1.0+~1.1.0-1 [4552 B]
Get:316 http://us-east-1.ec2.ports.ubuntu.com/ubuntu-ports noble/universe arm64 node-js-tokens all 8.0.0-2 [12.1 kB]
Get:317 http://us-east-1.ec2.ports.ubuntu.com/ubuntu-ports noble/universe arm64 node-jsesc all 3.0.2+~3.0.1-1 [18.0 kB]
Get:318 http://us-east-1.ec2.ports.ubuntu.com/ubuntu-ports noble/universe arm64 node-json5 all 2.2.3+dfsg-1build1 [21.9 kB]
Get:319 http://us-east-1.ec2.ports.ubuntu.com/ubuntu-ports noble/universe arm64 node-quick-lru all 6.1.1-4 [8190 B]
Get:320 http://us-east-1.ec2.ports.ubuntu.com/ubuntu-ports noble/universe arm64 node-regenerator-transform all 0.15.2+~0.10.8-1 [25.5 kB]
Get:321 http://us-east-1.ec2.ports.ubuntu.com/ubuntu-ports noble/universe arm64 node-regjsgen all 0.7.1+ds-1 [7048 B]
Get:322 http://us-east-1.ec2.ports.ubuntu.com/ubuntu-ports noble/universe arm64 node-regjsparser all 0.9.1+ds-2 [21.6 kB]
Get:323 http://us-east-1.ec2.ports.ubuntu.com/ubuntu-ports noble/universe arm64 node-unicode-canonical-property-names-ecmascript all 2.0.0-2 [4558 B]
Get:324 http://us-east-1.ec2.ports.ubuntu.com/ubuntu-ports noble/universe arm64 node-unicode-property-aliases-ecmascript all 2.1.0+ds-1 [5316 B]
Get:325 http://us-east-1.ec2.ports.ubuntu.com/ubuntu-ports noble/universe arm64 node-unicode-match-property-ecmascript all 2.0.0-2 [4420 B]
Get:326 http://us-east-1.ec2.ports.ubuntu.com/ubuntu-ports noble/universe arm64 node-unicode-match-property-value-ecmascript all 2.1.0+ds-1 [7486 B]
Get:327 http://us-east-1.ec2.ports.ubuntu.com/ubuntu-ports noble/universe arm64 node-regexpu-core all 5.2.2-3 [15.5 kB]
Get:328 http://us-east-1.ec2.ports.ubuntu.com/ubuntu-ports noble/universe arm64 node-source-map-support all 0.5.21+ds+~0.5.4-1 [14.2 kB]
Get:329 http://us-east-1.ec2.ports.ubuntu.com/ubuntu-ports noble/universe arm64 node-to-fast-properties all 3.0.1-3 [4334 B]
Get:330 http://us-east-1.ec2.ports.ubuntu.com/ubuntu-ports noble/universe arm64 node-v8flags all 3.2.0+~3.1.1-1 [7766 B]
Get:331 http://us-east-1.ec2.ports.ubuntu.com/ubuntu-ports noble/universe arm64 node-babel7 all 7.20.15+ds1+~cs214.269.168-6build1 [627 kB]
Get:332 http://us-east-1.ec2.ports.ubuntu.com/ubuntu-ports noble/universe arm64 node-is-arrayish all 0.3.2-3 [3970 B]
Get:333 http://us-east-1.ec2.ports.ubuntu.com/ubuntu-ports noble/universe arm64 node-error-ex all 1.3.2-4 [5708 B]
Get:334 http://us-east-1.ec2.ports.ubuntu.com/ubuntu-ports noble/universe arm64 node-json-parse-better-errors all 1.0.2+~cs3.3.1-2 [7384 B]
Get:335 http://us-east-1.ec2.ports.ubuntu.com/ubuntu-ports noble/universe arm64 node-parse-json all 5.2.0+~cs5.1.7-1 [7516 B]
Get:336 http://us-east-1.ec2.ports.ubuntu.com/ubuntu-ports noble/universe arm64 node-hosted-git-info all 6.1.1-2 [9904 B]
Get:337 http://us-east-1.ec2.ports.ubuntu.com/ubuntu-ports noble/universe arm64 node-spdx-license-ids all 3.0.12-1 [6488 B]
Get:338 http://us-east-1.ec2.ports.ubuntu.com/ubuntu-ports noble/universe arm64 node-spdx-exceptions all 2.3.0-2 [3978 B]
Get:339 http://us-east-1.ec2.ports.ubuntu.com/ubuntu-ports noble/universe arm64 node-spdx-expression-parse all 3.0.1+~3.0.1-1 [7658 B]
Get:340 http://us-east-1.ec2.ports.ubuntu.com/ubuntu-ports noble/universe arm64 node-spdx-correct all 3.1.1-2 [5476 B]
Get:341 http://us-east-1.ec2.ports.ubuntu.com/ubuntu-ports noble/universe arm64 node-validate-npm-package-license all 3.0.4-2 [4252 B]
Get:342 http://us-east-1.ec2.ports.ubuntu.com/ubuntu-ports noble/universe arm64 node-normalize-package-data all 4.0.1+~2.4.1-1 [13.1 kB]
Get:343 http://us-east-1.ec2.ports.ubuntu.com/ubuntu-ports noble/universe arm64 node-read-pkg all 5.2.0-2 [24.5 kB]
Get:344 http://us-east-1.ec2.ports.ubuntu.com/ubuntu-ports noble/universe arm64 node-uuid all 8.3.2+~8.3.3-4 [36.0 kB]
Get:345 http://us-east-1.ec2.ports.ubuntu.com/ubuntu-ports noble/universe arm64 node-isexe all 2.0.0+~2.0.1-5 [6078 B]
Get:346 http://us-east-1.ec2.ports.ubuntu.com/ubuntu-ports noble/universe arm64 node-which all 2.0.2+~cs1.3.2-3 [7154 B]
Get:347 http://us-east-1.ec2.ports.ubuntu.com/ubuntu-ports noble/universe arm64 node-is-typedarray all 1.0.0-4 [2072 B]
Get:348 http://us-east-1.ec2.ports.ubuntu.com/ubuntu-ports noble/universe arm64 node-typedarray-to-buffer all 4.0.0-2 [2242 B]
Get:349 http://us-east-1.ec2.ports.ubuntu.com/ubuntu-ports noble/universe arm64 node-write-file-atomic all 4.0.2+~4.0.0-2 [8750 B]
Get:350 http://us-east-1.ec2.ports.ubuntu.com/ubuntu-ports noble/universe arm64 node-slice-ansi all 5.0.0+~cs9.0.0-5 [9044 B]
Get:351 http://us-east-1.ec2.ports.ubuntu.com/ubuntu-ports noble/universe arm64 node-ansi-regex all 5.0.1-1 [4984 B]
Get:352 http://us-east-1.ec2.ports.ubuntu.com/ubuntu-ports noble/universe arm64 node-strip-ansi all 6.0.1-2 [4128 B]
Get:353 http://us-east-1.ec2.ports.ubuntu.com/ubuntu-ports noble/universe arm64 node-clone all 2.1.2+~2.1.2-1 [9340 B]
Get:354 http://us-east-1.ec2.ports.ubuntu.com/ubuntu-ports noble/universe arm64 node-defaults all 1.0.4+~1.0.3-1 [4394 B]
Get:355 http://us-east-1.ec2.ports.ubuntu.com/ubuntu-ports noble/universe arm64 node-wcwidth.js all 1.0.2-2 [7204 B]
Get:356 http://us-east-1.ec2.ports.ubuntu.com/ubuntu-ports noble/universe arm64 node-string-width all 4.2.3+~cs13.2.3-1 [11.4 kB]
Get:357 http://us-east-1.ec2.ports.ubuntu.com/ubuntu-ports noble/universe arm64 node-wrap-ansi all 8.0.1+~8.0.1-3 [12.2 kB]
Get:358 http://us-east-1.ec2.ports.ubuntu.com/ubuntu-ports noble/universe arm64 node-cliui all 7.0.4+repack+~cs3.1.0-4 [10.8 kB]
Get:359 http://us-east-1.ec2.ports.ubuntu.com/ubuntu-ports noble/universe arm64 node-get-caller-file all 2.0.5+~cs1.1.1-4 [5774 B]
Get:360 http://us-east-1.ec2.ports.ubuntu.com/ubuntu-ports noble/universe arm64 node-require-directory all 2.1.1+~2.1.2-1 [7190 B]
Get:361 http://us-east-1.ec2.ports.ubuntu.com/ubuntu-ports noble/universe arm64 node-y18n all 5.0.8+~5.0.0-3 [9390 B]
Get:362 http://us-east-1.ec2.ports.ubuntu.com/ubuntu-ports noble/universe arm64 node-camelcase all 7.0.0-3 [6104 B]
Get:363 http://us-east-1.ec2.ports.ubuntu.com/ubuntu-ports noble/universe arm64 node-yargs-parser all 21.1.1+~21.0.0-4 [23.6 kB]
Get:364 http://us-east-1.ec2.ports.ubuntu.com/ubuntu-ports noble/universe arm64 node-yargs all 16.2.0+~16.0.4-7 [123 kB]
Get:365 http://us-east-1.ec2.ports.ubuntu.com/ubuntu-ports noble/universe arm64 node-istanbul all 0.4.5+repack10+~cs98.25.59-2 [211 kB]
Get:366 http://us-east-1.ec2.ports.ubuntu.com/ubuntu-ports noble/universe arm64 node-through all 2.3.8+~cs0.0.30-1 [5496 B]
Get:367 http://us-east-1.ec2.ports.ubuntu.com/ubuntu-ports noble/universe arm64 node-resumer all 0.0.0-6 [4054 B]
Get:368 http://us-east-1.ec2.ports.ubuntu.com/ubuntu-ports noble/universe arm64 node-tape all 5.6.1+~cs8.20.19-1 [31.3 kB]
Get:369 http://us-east-1.ec2.ports.ubuntu.com/ubuntu-ports noble/universe arm64 node-deep-equal all 2.2.3+~cs43.15.94-1 [39.6 kB]
Get:370 http://us-east-1.ec2.ports.ubuntu.com/ubuntu-ports noble/universe arm64 libjs-util all 0.12.5+~1.0.10-1 [15.4 kB]
Get:371 http://us-east-1.ec2.ports.ubuntu.com/ubuntu-ports noble/main arm64 libnet-http-perl all 6.23-1 [22.3 kB]
Get:372 http://us-east-1.ec2.ports.ubuntu.com/ubuntu-ports noble/main arm64 libtry-tiny-perl all 0.31-2 [20.8 kB]
Get:373 http://us-east-1.ec2.ports.ubuntu.com/ubuntu-ports noble/main arm64 libwww-robotrules-perl all 6.02-1 [12.6 kB]
Get:374 http://us-east-1.ec2.ports.ubuntu.com/ubuntu-ports noble-updates/main arm64 libwww-perl all 6.76-1ubuntu0.1 [139 kB]
Get:375 http://us-east-1.ec2.ports.ubuntu.com/ubuntu-ports noble/main arm64 liblwp-protocol-https-perl all 6.13-1 [9006 B]
Get:376 http://us-east-1.ec2.ports.ubuntu.com/ubuntu-ports noble/main arm64 libnet-smtp-ssl-perl all 1.04-2 [6218 B]
Get:377 http://us-east-1.ec2.ports.ubuntu.com/ubuntu-ports noble/main arm64 libmailtools-perl all 2.21-2 [80.4 kB]
Get:378 http://us-east-1.ec2.ports.ubuntu.com/ubuntu-ports noble-updates/main arm64 libxml-parser-perl arm64 2.47-1ubuntu0.24.04.1 [203 kB]
Get:379 http://us-east-1.ec2.ports.ubuntu.com/ubuntu-ports noble/main arm64 libxml-twig-perl all 1:3.52-2 [158 kB]
Get:380 http://us-east-1.ec2.ports.ubuntu.com/ubuntu-ports noble/main arm64 libnet-dbus-perl arm64 1.2.0-2build3 [163 kB]
Ign:381 http://us-east-1.ec2.ports.ubuntu.com/ubuntu-ports noble-updates/main arm64 libssl-dev arm64 3.0.13-0ubuntu3.11
Get:382 http://us-east-1.ec2.ports.ubuntu.com/ubuntu-ports noble/main arm64 libuv1-dev arm64 1.48.0-1.1build1 [137 kB]
Get:383 http://us-east-1.ec2.ports.ubuntu.com/ubuntu-ports noble/universe arm64 libnode-dev arm64 18.19.1+dfsg-6ubuntu5 [501 kB]
Get:384 http://us-east-1.ec2.ports.ubuntu.com/ubuntu-ports noble/main arm64 libnotify4 arm64 0.8.3-1build2 [25.4 kB]
Get:385 http://us-east-1.ec2.ports.ubuntu.com/ubuntu-ports noble/main arm64 libnotify-bin arm64 0.8.3-1build2 [9736 B]
Get:386 http://us-east-1.ec2.ports.ubuntu.com/ubuntu-ports noble/main arm64 libpkgconf3 arm64 1.8.1-2build1 [31.2 kB]
Get:387 http://us-east-1.ec2.ports.ubuntu.com/ubuntu-ports noble-updates/main arm64 zlib1g-dev arm64 1:1.3.dfsg-3.1ubuntu2.1 [894 kB]
Get:388 http://us-east-1.ec2.ports.ubuntu.com/ubuntu-ports noble-updates/main arm64 libpython3.12-dev arm64 3.12.3-1ubuntu0.15 [5538 kB]
Get:389 http://us-east-1.ec2.ports.ubuntu.com/ubuntu-ports noble-updates/main arm64 libpython3-dev arm64 3.12.3-0ubuntu2.1 [10.4 kB]
Get:390 http://us-east-1.ec2.ports.ubuntu.com/ubuntu-ports noble/main arm64 libre2-10 arm64 20230301-3build1 [160 kB]
Get:391 http://us-east-1.ec2.ports.ubuntu.com/ubuntu-ports noble/main arm64 libsm6 arm64 2:1.2.3-1build3 [15.6 kB]
Get:392 http://us-east-1.ec2.ports.ubuntu.com/ubuntu-ports noble/main arm64 libtie-ixhash-perl all 1.23-4 [11.3 kB]
Get:393 http://us-east-1.ec2.ports.ubuntu.com/ubuntu-ports noble/main arm64 libx11-protocol-perl all 0.56-9 [122 kB]
Get:394 http://us-east-1.ec2.ports.ubuntu.com/ubuntu-ports noble/main arm64 libxt6t64 arm64 1:1.2.1-1.2build1 [168 kB]
Get:395 http://us-east-1.ec2.ports.ubuntu.com/ubuntu-ports noble/main arm64 libxmu6 arm64 2:1.1.3-3build2 [47.5 kB]
Get:396 http://us-east-1.ec2.ports.ubuntu.com/ubuntu-ports noble/main arm64 libxaw7 arm64 2:1.0.14-1build2 [183 kB]
Get:397 http://us-east-1.ec2.ports.ubuntu.com/ubuntu-ports noble/main arm64 libxcb-shape0 arm64 1.15-1ubuntu2 [6250 B]
Get:398 http://us-east-1.ec2.ports.ubuntu.com/ubuntu-ports noble/main arm64 libxcomposite1 arm64 1:0.4.5-1build3 [6336 B]
Get:399 http://us-east-1.ec2.ports.ubuntu.com/ubuntu-ports noble/main arm64 libxfixes3 arm64 1:6.0.0-2build1 [11.2 kB]
Get:400 http://us-east-1.ec2.ports.ubuntu.com/ubuntu-ports noble/main arm64 libxrender1 arm64 1:0.9.10-1.1build1 [18.8 kB]
Get:401 http://us-east-1.ec2.ports.ubuntu.com/ubuntu-ports noble/main arm64 libxcursor1 arm64 1:1.2.1-1build1 [21.1 kB]
Get:402 http://us-east-1.ec2.ports.ubuntu.com/ubuntu-ports noble/main arm64 libxft2 arm64 2.3.6-1build1 [44.1 kB]
Get:403 http://us-east-1.ec2.ports.ubuntu.com/ubuntu-ports noble/main arm64 libxi6 arm64 2:1.8.1-1build1 [31.9 kB]
Get:404 http://us-east-1.ec2.ports.ubuntu.com/ubuntu-ports noble/main arm64 libxinerama1 arm64 2:1.1.4-3build1 [6394 B]
Get:405 http://us-east-1.ec2.ports.ubuntu.com/ubuntu-ports noble/main arm64 libxkbfile1 arm64 1:1.1.0-1build4 [69.4 kB]
Get:406 http://us-east-1.ec2.ports.ubuntu.com/ubuntu-ports noble/main arm64 libxml-xpathengine-perl all 0.14-2 [32.6 kB]
Get:407 http://us-east-1.ec2.ports.ubuntu.com/ubuntu-ports noble/main arm64 libxrandr2 arm64 2:1.5.2-2build1 [19.6 kB]
Get:408 http://us-east-1.ec2.ports.ubuntu.com/ubuntu-ports noble/main arm64 libxtst6 arm64 2:1.2.3-1.1build1 [13.0 kB]
Get:409 http://us-east-1.ec2.ports.ubuntu.com/ubuntu-ports noble/main arm64 libxv1 arm64 2:1.0.11-1.1build1 [10.7 kB]
Get:410 http://us-east-1.ec2.ports.ubuntu.com/ubuntu-ports noble/main arm64 libxxf86dga1 arm64 2:1.1.5-1build1 [11.3 kB]
Get:411 http://us-east-1.ec2.ports.ubuntu.com/ubuntu-ports noble-updates/main arm64 linux-tools-common all 6.8.0-136.136 [416 kB]
Get:412 http://us-east-1.ec2.ports.ubuntu.com/ubuntu-ports noble/main arm64 manpages-dev all 6.7-2 [2013 kB]
Get:413 http://us-east-1.ec2.ports.ubuntu.com/ubuntu-ports noble-updates/main arm64 mesa-vulkan-drivers arm64 25.2.8-0ubuntu0.24.04.2 [19.4 MB]
Get:414 http://us-east-1.ec2.ports.ubuntu.com/ubuntu-ports noble/universe arm64 node-agent-base all 7.1.0~0~2023071921-5 [9738 B]
Get:415 http://us-east-1.ec2.ports.ubuntu.com/ubuntu-ports noble/universe arm64 node-ajv-keywords all 5.1.0-4 [33.1 kB]
Get:416 http://us-east-1.ec2.ports.ubuntu.com/ubuntu-ports noble/universe arm64 node-ansi-escapes all 5.0.0+really.4.3.1-1 [9070 B]
Get:417 http://us-east-1.ec2.ports.ubuntu.com/ubuntu-ports noble/universe arm64 node-aproba all 2.0.0-3 [5698 B]
Get:418 http://us-east-1.ec2.ports.ubuntu.com/ubuntu-ports noble/universe arm64 node-delegates all 1.0.0-3 [4280 B]
Get:419 http://us-east-1.ec2.ports.ubuntu.com/ubuntu-ports noble/universe arm64 node-are-we-there-yet all 3.0.1+~1.1.0-1 [9066 B]
Get:420 http://us-east-1.ec2.ports.ubuntu.com/ubuntu-ports noble/universe arm64 node-async-each all 1.0.3-3 [4174 B]
Get:421 http://us-east-1.ec2.ports.ubuntu.com/ubuntu-ports noble/universe arm64 node-auto-bind all 4.0.0-2 [4842 B]
Get:422 http://us-east-1.ec2.ports.ubuntu.com/ubuntu-ports noble/universe arm64 node-babel-plugin-lodash all 3.3.4+~cs2.0.1-7 [11.3 kB]
Get:423 http://us-east-1.ec2.ports.ubuntu.com/ubuntu-ports noble/universe arm64 node-object-visit all 1.0.1-5 [4884 B]
Get:424 http://us-east-1.ec2.ports.ubuntu.com/ubuntu-ports noble/universe arm64 node-map-visit all 1.0.0-4 [6214 B]
Get:425 http://us-east-1.ec2.ports.ubuntu.com/ubuntu-ports noble/universe arm64 node-collection-visit all 1.0.0-4 [4950 B]
Get:426 http://us-east-1.ec2.ports.ubuntu.com/ubuntu-ports noble/universe arm64 node-get-value all 1:3.0.1-4 [5308 B]
Get:427 http://us-east-1.ec2.ports.ubuntu.com/ubuntu-ports noble/universe arm64 node-sellside-emitter all 1.2.1-3 [4492 B]
Get:428 http://us-east-1.ec2.ports.ubuntu.com/ubuntu-ports noble/universe arm64 node-is-primitive all 3.0.1-3 [4840 B]
Get:429 http://us-east-1.ec2.ports.ubuntu.com/ubuntu-ports noble/universe arm64 node-set-value all 4.1.0+~4.0.1-2 [10.5 kB]
Get:430 http://us-east-1.ec2.ports.ubuntu.com/ubuntu-ports noble/universe arm64 node-union-value all 2.0.1-4 [5392 B]
Get:431 http://us-east-1.ec2.ports.ubuntu.com/ubuntu-ports noble/universe arm64 node-has-values all 2.0.1-4 [5674 B]
Get:432 http://us-east-1.ec2.ports.ubuntu.com/ubuntu-ports noble/universe arm64 node-has-value all 2.0.2-4 [6058 B]
Get:433 http://us-east-1.ec2.ports.ubuntu.com/ubuntu-ports noble/universe arm64 node-unset-value all 2.0.1-1 [5974 B]
Get:434 http://us-east-1.ec2.ports.ubuntu.com/ubuntu-ports noble/universe arm64 node-cache-base all 4.0.2-1 [11.2 kB]
Get:435 http://us-east-1.ec2.ports.ubuntu.com/ubuntu-ports noble/universe arm64 node-mixin-deep all 2.0.1-3 [5472 B]
Get:436 http://us-east-1.ec2.ports.ubuntu.com/ubuntu-ports noble/universe arm64 node-pascalcase all 1.0.0-1 [5036 B]
Get:437 http://us-east-1.ec2.ports.ubuntu.com/ubuntu-ports noble/universe arm64 node-base all 3.0.0-3 [11.8 kB]
Get:438 http://us-east-1.ec2.ports.ubuntu.com/ubuntu-ports noble/universe arm64 node-base64-js all 1.5.1+dfsg+~1.3.0-2 [7236 B]
Get:439 http://us-east-1.ec2.ports.ubuntu.com/ubuntu-ports noble/universe arm64 node-binary-extensions all 2.2.0-2 [4488 B]
Get:440 http://us-east-1.ec2.ports.ubuntu.com/ubuntu-ports noble/universe arm64 node-builtins all 5.0.1-1 [4082 B]
Get:441 http://us-east-1.ec2.ports.ubuntu.com/ubuntu-ports noble/universe arm64 node-chownr all 2.0.0-2 [4446 B]
Get:442 http://us-east-1.ec2.ports.ubuntu.com/ubuntu-ports noble/universe arm64 node-iconv-lite all 0.6.3-3 [158 kB]
Get:443 http://us-east-1.ec2.ports.ubuntu.com/ubuntu-ports noble/universe arm64 node-encoding all 0.1.13-2 [4366 B]
Get:444 http://us-east-1.ec2.ports.ubuntu.com/ubuntu-ports noble/universe arm64 node-jsonparse all 1.3.1-10 [8060 B]
Get:445 http://us-east-1.ec2.ports.ubuntu.com/ubuntu-ports noble/universe arm64 node-minipass all 3.3.6+~cs9.4.19-1 [42.3 kB]
Get:446 http://us-east-1.ec2.ports.ubuntu.com/ubuntu-ports noble/universe arm64 node-iferr all 1.0.2+~1.0.2-1 [4610 B]
Get:447 http://us-east-1.ec2.ports.ubuntu.com/ubuntu-ports noble/universe arm64 node-fs-write-stream-atomic all 1.0.10-6 [5362 B]
Get:448 http://us-east-1.ec2.ports.ubuntu.com/ubuntu-ports noble/universe arm64 node-run-queue all 2.0.0-3 [5086 B]
Get:449 http://us-east-1.ec2.ports.ubuntu.com/ubuntu-ports noble/universe arm64 node-copy-concurrently all 1.0.5-9 [7200 B]
Get:450 http://us-east-1.ec2.ports.ubuntu.com/ubuntu-ports noble/universe arm64 node-move-concurrently all 1.0.1-5 [5182 B]
Get:451 http://us-east-1.ec2.ports.ubuntu.com/ubuntu-ports noble/universe arm64 node-promise-inflight all 1.0.1+~1.0.0-1 [4896 B]
Get:452 http://us-east-1.ec2.ports.ubuntu.com/ubuntu-ports noble/universe arm64 node-ssri all 9.0.1-2 [14.7 kB]
Get:453 http://us-east-1.ec2.ports.ubuntu.com/ubuntu-ports noble/universe arm64 node-unique-filename all 1.1.1+ds-2 [3914 B]
Get:454 http://us-east-1.ec2.ports.ubuntu.com/ubuntu-ports noble/universe arm64 node-cacache all 17.0.3+~cs10.3.7-1 [33.9 kB]
Get:455 http://us-east-1.ec2.ports.ubuntu.com/ubuntu-ports noble/universe arm64 node-is-binary-path all 2.1.0-5 [3676 B]
Get:456 http://us-east-1.ec2.ports.ubuntu.com/ubuntu-ports noble/universe arm64 node-path-is-absolute all 2.0.0-2 [4062 B]
Get:457 http://us-east-1.ec2.ports.ubuntu.com/ubuntu-ports noble/universe arm64 node-set-immediate-shim all 2.0.0-2 [3696 B]
Get:458 http://us-east-1.ec2.ports.ubuntu.com/ubuntu-ports noble/universe arm64 node-readdirp all 3.6.0-1 [11.8 kB]
Get:459 http://us-east-1.ec2.ports.ubuntu.com/ubuntu-ports noble/universe arm64 node-chokidar all 3.6.0-2 [32.9 kB]
Get:460 http://us-east-1.ec2.ports.ubuntu.com/ubuntu-ports noble/universe arm64 node-tslib all 2.4.1-1 [19.7 kB]
Get:461 http://us-east-1.ec2.ports.ubuntu.com/ubuntu-ports noble/universe arm64 node-chrome-trace-event all 1.0.3-2 [6680 B]
Get:462 http://us-east-1.ec2.ports.ubuntu.com/ubuntu-ports noble/universe arm64 node-ci-info all 4.0.0+~cs1.1.0-1build2 [11.2 kB]
Get:463 http://us-east-1.ec2.ports.ubuntu.com/ubuntu-ports noble/universe arm64 node-cli-boxes all 3.0.0-1build2 [4960 B]
Get:464 http://us-east-1.ec2.ports.ubuntu.com/ubuntu-ports noble/universe arm64 node-restore-cursor all 4.0.0-4 [4488 B]
Get:465 http://us-east-1.ec2.ports.ubuntu.com/ubuntu-ports noble/universe arm64 node-cli-cursor all 4.0.0-3 [8002 B]
Get:466 http://us-east-1.ec2.ports.ubuntu.com/ubuntu-ports noble/universe arm64 node-cli-truncate all 2.1.0-5 [5714 B]
Get:467 http://us-east-1.ec2.ports.ubuntu.com/ubuntu-ports noble/universe arm64 node-colors all 1.4.0-4 [12.0 kB]
Get:468 http://us-east-1.ec2.ports.ubuntu.com/ubuntu-ports noble/universe arm64 node-columnify all 1.6.0+~1.5.1-1 [12.7 kB]
Get:469 http://us-east-1.ec2.ports.ubuntu.com/ubuntu-ports noble/universe arm64 node-console-control-strings all 1.1.0-3 [5616 B]
Get:470 http://us-east-1.ec2.ports.ubuntu.com/ubuntu-ports noble/universe arm64 node-growl all 1.10.5-4 [7064 B]
Get:471 http://us-east-1.ec2.ports.ubuntu.com/ubuntu-ports noble/universe arm64 node-lcov-parse all 1.0.0+20170612git80d039574ed9-6 [5140 B]
Get:472 http://us-east-1.ec2.ports.ubuntu.com/ubuntu-ports noble/universe arm64 node-log-driver all 1.2.7+git+20180219+bba1761737-7 [5436 B]
Get:473 http://us-east-1.ec2.ports.ubuntu.com/ubuntu-ports noble/universe arm64 node-data-uri-to-buffer all 5.0.1~0~2023071921-5 [6848 B]
Get:474 http://us-east-1.ec2.ports.ubuntu.com/ubuntu-ports noble/universe arm64 node-fetch all 3.3.2+~cs11.4.11-1 [559 kB]
Get:475 http://us-east-1.ec2.ports.ubuntu.com/ubuntu-ports noble/universe arm64 node-coveralls all 3.1.1-2build1 [14.2 kB]
Get:476 http://us-east-1.ec2.ports.ubuntu.com/ubuntu-ports noble/universe arm64 node-css-selector-tokenizer all 0.8.0+~cs4.8.3-1 [13.2 kB]
Get:477 http://us-east-1.ec2.ports.ubuntu.com/ubuntu-ports noble/universe arm64 node-postcss all 8.4.31+~cs8.0.26-1 [180 kB]
Get:478 http://us-east-1.ec2.ports.ubuntu.com/ubuntu-ports noble/universe arm64 node-icss-utils all 5.1.0+~5.1.0-1 [7176 B]
Get:479 http://us-east-1.ec2.ports.ubuntu.com/ubuntu-ports noble/universe arm64 node-postcss-modules-extract-imports all 3.0.0-2 [6080 B]
Get:480 http://us-east-1.ec2.ports.ubuntu.com/ubuntu-ports noble/universe arm64 node-postcss-modules-values all 4.0.0+~4.0.0-1 [6624 B]
Get:481 http://us-east-1.ec2.ports.ubuntu.com/ubuntu-ports noble/universe arm64 node-postcss-value-parser all 4.2.0-1 [10.6 kB]
Get:482 http://us-east-1.ec2.ports.ubuntu.com/ubuntu-ports noble/universe arm64 node-prr all 1.0.1-3 [4344 B]
Get:483 http://us-east-1.ec2.ports.ubuntu.com/ubuntu-ports noble/universe arm64 node-errno all 1.0.0-3 [7962 B]
Get:484 http://us-east-1.ec2.ports.ubuntu.com/ubuntu-ports noble/universe arm64 node-memory-fs all 0.5.0+~0.3.3-2 [7744 B]
Get:485 http://us-east-1.ec2.ports.ubuntu.com/ubuntu-ports noble/universe arm64 node-tapable all 2.2.1-3 [13.8 kB]
Get:486 http://us-east-1.ec2.ports.ubuntu.com/ubuntu-ports noble/universe arm64 node-enhanced-resolve all 5.15.0-1 [36.9 kB]
Get:487 http://us-east-1.ec2.ports.ubuntu.com/ubuntu-ports noble/universe arm64 node-es-module-lexer all 1.1.0+dfsg-3 [20.7 kB]
Get:488 http://us-east-1.ec2.ports.ubuntu.com/ubuntu-ports noble/universe arm64 node-events all 3.3.0+~3.0.0-3 [3084 B]
Get:489 http://us-east-1.ec2.ports.ubuntu.com/ubuntu-ports noble/universe arm64 node-resolve-cwd all 3.0.0-2 [4216 B]
Get:490 http://us-east-1.ec2.ports.ubuntu.com/ubuntu-ports noble/universe arm64 node-jest-debbundle all 29.6.2~ds1+~cs73.45.28-5 [55.4 kB]
Get:491 http://us-east-1.ec2.ports.ubuntu.com/ubuntu-ports noble/universe arm64 node-interpret all 2.2.0-3 [6946 B]
Get:492 http://us-east-1.ec2.ports.ubuntu.com/ubuntu-ports noble/universe arm64 node-merge-stream all 2.0.0+~1.1.2-2 [5178 B]
Get:493 http://us-east-1.ec2.ports.ubuntu.com/ubuntu-ports noble/universe arm64 node-jest-worker all 29.6.2~ds1+~cs73.45.28-5 [42.4 kB]
Get:494 http://us-east-1.ec2.ports.ubuntu.com/ubuntu-ports noble/universe arm64 node-loader-runner all 4.3.0-1 [7742 B]
Get:495 http://us-east-1.ec2.ports.ubuntu.com/ubuntu-ports noble/universe arm64 node-mime all 3.0.0+dfsg+~cs6.97.2-1 [37.8 kB]
Get:496 http://us-east-1.ec2.ports.ubuntu.com/ubuntu-ports noble/universe arm64 node-mime-types all 2.1.35-2 [6818 B]
Get:497 http://us-east-1.ec2.ports.ubuntu.com/ubuntu-ports noble/universe arm64 node-rechoir all 0.8.0+~0.6.1-2 [6382 B]
Get:498 http://us-east-1.ec2.ports.ubuntu.com/ubuntu-ports noble/universe arm64 node-schema-utils all 4.2.0~ds-3build3 [19.2 kB]
Get:499 http://us-east-1.ec2.ports.ubuntu.com/ubuntu-ports noble/universe arm64 node-randombytes all 2.1.0+~2.0.0-2 [4812 B]
Get:500 http://us-east-1.ec2.ports.ubuntu.com/ubuntu-ports noble/universe arm64 node-serialize-javascript all 6.0.1-1 [13.2 kB]
Get:501 http://us-east-1.ec2.ports.ubuntu.com/ubuntu-ports noble/universe arm64 node-watchpack all 2.4.0+~cs2.8.1-1 [20.7 kB]
Get:502 http://us-east-1.ec2.ports.ubuntu.com/ubuntu-ports noble/universe arm64 node-webassemblyjs all 1.11.4+dfsg+~cs10.11.17-2 [143 kB]
Get:503 http://us-east-1.ec2.ports.ubuntu.com/ubuntu-ports noble/universe arm64 node-source-list-map all 2.0.1+dfsg+~0.1.2-1 [10.3 kB]
Get:504 http://us-east-1.ec2.ports.ubuntu.com/ubuntu-ports noble/universe arm64 node-webpack-sources all 3.2.3+~3.2.0-2 [23.8 kB]
Get:505 http://us-east-1.ec2.ports.ubuntu.com/ubuntu-ports noble/universe arm64 node-terser all 5.19.2-1 [202 kB]
Get:506 http://us-east-1.ec2.ports.ubuntu.com/ubuntu-ports noble/universe arm64 terser all 5.19.2-1 [4266 B]
Get:507 http://us-east-1.ec2.ports.ubuntu.com/ubuntu-ports noble/universe arm64 webpack all 5.76.1+dfsg1+~cs17.16.16-1 [726 kB]
Get:508 http://us-east-1.ec2.ports.ubuntu.com/ubuntu-ports noble/universe arm64 node-css-loader all 6.8.1+~cs14.0.17-1 [64.0 kB]
Get:509 http://us-east-1.ec2.ports.ubuntu.com/ubuntu-ports noble/universe arm64 node-mimic-response all 3.1.0-8 [5500 B]
Get:510 http://us-east-1.ec2.ports.ubuntu.com/ubuntu-ports noble/universe arm64 node-decompress-response all 6.0.0-2 [4656 B]
Get:511 http://us-east-1.ec2.ports.ubuntu.com/ubuntu-ports noble/universe arm64 node-diff all 5.0.0~dfsg+~5.0.1-4 [76.7 kB]
Get:512 http://us-east-1.ec2.ports.ubuntu.com/ubuntu-ports noble/universe arm64 node-err-code all 2.0.3+dfsg-3 [4918 B]
Get:513 http://us-east-1.ec2.ports.ubuntu.com/ubuntu-ports noble/universe arm64 node-time-stamp all 2.2.0-2 [6012 B]
Get:514 http://us-east-1.ec2.ports.ubuntu.com/ubuntu-ports noble/universe arm64 node-fancy-log all 1.3.3+~cs1.3.1-2 [8102 B]
Get:515 http://us-east-1.ec2.ports.ubuntu.com/ubuntu-ports noble/universe arm64 node-has-unicode all 2.0.1-5 [3962 B]
Get:516 http://us-east-1.ec2.ports.ubuntu.com/ubuntu-ports noble/universe arm64 node-wide-align all 1.1.3-4 [4228 B]
Get:517 http://us-east-1.ec2.ports.ubuntu.com/ubuntu-ports noble/universe arm64 node-gauge all 4.0.4-2 [16.1 kB]
Get:518 http://us-east-1.ec2.ports.ubuntu.com/ubuntu-ports noble/universe arm64 node-end-of-stream all 1.4.4+~1.4.1-1 [5340 B]
Get:519 http://us-east-1.ec2.ports.ubuntu.com/ubuntu-ports noble/universe arm64 node-pump all 3.0.0-5 [5160 B]
Get:520 http://us-east-1.ec2.ports.ubuntu.com/ubuntu-ports noble/universe arm64 node-get-stream all 6.0.1-1 [7324 B]
Get:521 http://us-east-1.ec2.ports.ubuntu.com/ubuntu-ports noble/universe arm64 node-lowercase-keys all 2.0.0-2 [3754 B]
Get:522 http://us-east-1.ec2.ports.ubuntu.com/ubuntu-ports noble/universe arm64 node-json-buffer all 3.0.1+~3.0.0-1 [4554 B]
Get:523 http://us-east-1.ec2.ports.ubuntu.com/ubuntu-ports noble/universe arm64 node-p-cancelable all 2.1.1-1 [7358 B]
Get:524 http://us-east-1.ec2.ports.ubuntu.com/ubuntu-ports noble/universe arm64 node-got all 11.8.5+~cs58.13.36-3 [122 kB]
Get:525 http://us-east-1.ec2.ports.ubuntu.com/ubuntu-ports noble/universe arm64 node-http-proxy-agent all 7.0.0~0~2023071921-5 [8596 B]
Get:526 http://us-east-1.ec2.ports.ubuntu.com/ubuntu-ports noble/universe arm64 node-https-proxy-agent all 7.0.1~0~2023071921-5 [11.3 kB]
Get:527 http://us-east-1.ec2.ports.ubuntu.com/ubuntu-ports noble/universe arm64 node-ieee754 all 1.2.1-3 [5340 B]
Get:528 http://us-east-1.ec2.ports.ubuntu.com/ubuntu-ports noble/universe arm64 node-ip all 2.0.0+~1.1.0-1ubuntu1 [8798 B]
Get:529 http://us-east-1.ec2.ports.ubuntu.com/ubuntu-ports noble/universe arm64 node-ip-regex all 4.3.0+~4.1.1-1 [5254 B]
Get:530 http://us-east-1.ec2.ports.ubuntu.com/ubuntu-ports noble/universe arm64 node-read-package-json all 5.0.2+~2.0.0-1 [10.8 kB]
Get:531 http://us-east-1.ec2.ports.ubuntu.com/ubuntu-ports noble/universe arm64 node-npm-bundled all 2.0.1-2 [5924 B]
Get:532 http://us-east-1.ec2.ports.ubuntu.com/ubuntu-ports noble/universe arm64 node-osenv all 0.1.5+~0.1.1-1 [5972 B]
Get:533 http://us-east-1.ec2.ports.ubuntu.com/ubuntu-ports noble/universe arm64 node-validate-npm-package-name all 5.0.0+~4.0.0-1 [6492 B]
Get:534 http://us-east-1.ec2.ports.ubuntu.com/ubuntu-ports noble/universe arm64 node-npm-package-arg all 10.0.0+~3.0.0-2 [9658 B]
Get:535 http://us-east-1.ec2.ports.ubuntu.com/ubuntu-ports noble/main arm64 xdg-utils all 1.1.3-4.1ubuntu3 [62.0 kB]
Get:536 http://us-east-1.ec2.ports.ubuntu.com/ubuntu-ports noble/universe arm64 node-opener all 1.5.2+~1.4.0-1 [6000 B]
Get:537 http://us-east-1.ec2.ports.ubuntu.com/ubuntu-ports noble/universe arm64 node-retry all 0.13.1+~0.12.1-1 [11.5 kB]
Get:538 http://us-east-1.ec2.ports.ubuntu.com/ubuntu-ports noble/universe arm64 node-promise-retry all 2.0.1-4 [5040 B]
Get:539 http://us-east-1.ec2.ports.ubuntu.com/ubuntu-ports noble/universe arm64 node-mute-stream all 0.0.8+~0.0.1-3 [6282 B]
Get:540 http://us-east-1.ec2.ports.ubuntu.com/ubuntu-ports noble/universe arm64 node-read all 1.0.7-5 [5426 B]
Get:541 http://us-east-1.ec2.ports.ubuntu.com/ubuntu-ports noble/universe arm64 node-promzard all 0.3.0-2 [6888 B]
Get:542 http://us-east-1.ec2.ports.ubuntu.com/ubuntu-ports noble/universe arm64 node-re2 arm64 1.20.10+~cs2.13.13-1 [46.9 kB]
Get:543 http://us-east-1.ec2.ports.ubuntu.com/ubuntu-ports noble/universe arm64 node-require-from-string all 2.0.2+~1.2.1-1 [4464 B]
Get:544 http://us-east-1.ec2.ports.ubuntu.com/ubuntu-ports noble/universe arm64 node-set-blocking all 2.0.0-2 [3766 B]
Get:545 http://us-east-1.ec2.ports.ubuntu.com/ubuntu-ports noble-updates/universe arm64 node-shell-quote all 1.7.4+~1.7.1-1ubuntu0.24.04.1 [8400 B]
Get:546 http://us-east-1.ec2.ports.ubuntu.com/ubuntu-ports noble/universe arm64 node-stack-utils all 2.0.6+~2.0.1-1 [9430 B]
Get:547 http://us-east-1.ec2.ports.ubuntu.com/ubuntu-ports noble/universe arm64 node-yaml all 2.3.4-1build1 [121 kB]
Get:548 http://us-east-1.ec2.ports.ubuntu.com/ubuntu-ports noble/universe arm64 node-tap-parser all 11.0.2+~cs2.1.4-1 [63.1 kB]
Get:549 http://us-east-1.ec2.ports.ubuntu.com/ubuntu-ports noble/universe arm64 node-tap-mocha-reporter all 5.0.3+~2.0.2-2 [39.5 kB]
Get:550 http://us-east-1.ec2.ports.ubuntu.com/ubuntu-ports noble/universe arm64 node-text-table all 0.2.0-4 [4762 B]
Get:551 http://us-east-1.ec2.ports.ubuntu.com/ubuntu-ports noble/universe arm64 node-widest-line all 3.1.0-2 [4086 B]
Get:552 http://us-east-1.ec2.ports.ubuntu.com/ubuntu-ports noble/universe arm64 nodejs-doc all 18.19.1+dfsg-6ubuntu5 [3552 kB]
Get:553 http://us-east-1.ec2.ports.ubuntu.com/ubuntu-ports noble/main arm64 pkgconf-bin arm64 1.8.1-2build1 [20.5 kB]
Get:554 http://us-east-1.ec2.ports.ubuntu.com/ubuntu-ports noble/main arm64 pkgconf arm64 1.8.1-2build1 [16.8 kB]
Get:555 http://us-east-1.ec2.ports.ubuntu.com/ubuntu-ports noble/main arm64 pkg-config arm64 1.8.1-2build1 [7264 B]
Get:556 http://us-east-1.ec2.ports.ubuntu.com/ubuntu-ports noble-updates/main arm64 python3.12-dev arm64 3.12.3-1ubuntu0.15 [498 kB]
Get:557 http://us-east-1.ec2.ports.ubuntu.com/ubuntu-ports noble-updates/main arm64 python3-dev arm64 3.12.3-0ubuntu2.1 [26.7 kB]
Get:558 http://us-east-1.ec2.ports.ubuntu.com/ubuntu-ports noble/universe arm64 python3-wheel all 0.42.0-2 [53.1 kB]
Get:559 http://us-east-1.ec2.ports.ubuntu.com/ubuntu-ports noble-updates/universe arm64 python3-pip all 24.0+dfsg-1ubuntu1.3 [1320 kB]
Get:560 http://us-east-1.ec2.ports.ubuntu.com/ubuntu-ports noble-updates/universe arm64 python3-pip-whl all 24.0+dfsg-1ubuntu1.3 [1707 kB]
Get:561 http://us-east-1.ec2.ports.ubuntu.com/ubuntu-ports noble-updates/universe arm64 python3-setuptools-whl all 68.1.2-2ubuntu1.2 [716 kB]
Get:562 http://us-east-1.ec2.ports.ubuntu.com/ubuntu-ports noble-updates/universe arm64 python3.12-venv arm64 3.12.3-1ubuntu0.15 [5674 B]
Get:563 http://us-east-1.ec2.ports.ubuntu.com/ubuntu-ports noble-updates/universe arm64 python3-venv arm64 3.12.3-0ubuntu2.1 [1032 B]
Get:564 http://us-east-1.ec2.ports.ubuntu.com/ubuntu-ports noble/main arm64 libglvnd0 arm64 1.7.0-1build1 [60.6 kB]
Get:565 http://us-east-1.ec2.ports.ubuntu.com/ubuntu-ports noble/main arm64 libglx0 arm64 1.7.0-1build1 [33.2 kB]
Get:566 http://us-east-1.ec2.ports.ubuntu.com/ubuntu-ports noble/main arm64 libgl1 arm64 1.7.0-1build1 [106 kB]
Get:567 http://us-east-1.ec2.ports.ubuntu.com/ubuntu-ports noble/main arm64 x11-utils arm64 7.7+6build2 [188 kB]
Get:568 http://us-east-1.ec2.ports.ubuntu.com/ubuntu-ports noble/main arm64 x11-xserver-utils arm64 7.7+10build2 [168 kB]
Get:569 http://us-east-1.ec2.ports.ubuntu.com/ubuntu-ports noble/main arm64 libegl1 arm64 1.7.0-1build1 [29.5 kB]
Get:570 http://us-east-1.ec2.ports.ubuntu.com/ubuntu-ports noble/main arm64 libgles2 arm64 1.7.0-1build1 [17.6 kB]
Get:571 http://us-east-1.ec2.ports.ubuntu.com/ubuntu-ports noble/universe arm64 zutty arm64 0.14.8.20231210+dfsg1-1 [176 kB]
Get:572 http://us-east-1.ec2.ports.ubuntu.com/ubuntu-ports noble/main arm64 libauthen-sasl-perl all 2.1700-1 [42.9 kB]
Get:573 http://us-east-1.ec2.ports.ubuntu.com/ubuntu-ports noble/universe arm64 node-cli-table all 0.3.11+~cs0.13.4-3 [23.2 kB]
Get:574 http://us-east-1.ec2.ports.ubuntu.com/ubuntu-ports noble/universe arm64 node-depd all 2.0.0-2 [10.5 kB]
Get:575 http://us-east-1.ec2.ports.ubuntu.com/ubuntu-ports noble/universe arm64 node-npmlog all 7.0.1+~4.1.4-1 [9826 B]
Get:576 http://us-east-1.ec2.ports.ubuntu.com/ubuntu-ports noble/universe arm64 node-tar all 6.1.13+~cs7.0.5-3 [51.1 kB]
Get:577 http://us-east-1.ec2.ports.ubuntu.com/ubuntu-ports noble/universe arm64 node-gyp all 9.3.0-3 [36.1 kB]
Get:578 http://us-east-1.ec2.ports.ubuntu.com/ubuntu-ports noble/universe arm64 node-ini all 3.0.1-2 [6480 B]
Get:579 http://us-east-1.ec2.ports.ubuntu.com/ubuntu-ports noble/universe arm64 node-negotiator all 0.6.3+~0.6.1-1 [10.1 kB]
Get:580 http://us-east-1.ec2.ports.ubuntu.com/ubuntu-ports noble/universe arm64 node-ws all 8.11.0+~cs13.7.3-2 [52.0 kB]
Get:581 http://us-east-1.ec2.ports.ubuntu.com/ubuntu-ports noble/universe arm64 node-tap all 16.3.7+ds1+~cs50.9.19-4 [105 kB]
Get:582 http://us-east-1.ec2.ports.ubuntu.com/ubuntu-ports noble/universe arm64 npm all 9.2.0~ds1-2 [631 kB]
Get:381 http://us-east-1.ec2.ports.ubuntu.com/ubuntu-ports noble-updates/main arm64 libssl-dev arm64 3.0.13-0ubuntu3.11 [2338 kB]
Fetched 180 MB in 2min 21s (1271 kB/s)
Selecting previously unselected package binutils-common:arm64.
(Reading database ... (Reading database ... 5%(Reading database ... 10%(Reading database ... 15%(Reading database ... 20%(Reading database ... 25%(Reading database ... 30%(Reading database ... 35%(Reading database ... 40%(Reading database ... 45%(Reading database ... 50%(Reading database ... 55%(Reading database ... 60%(Reading database ... 65%(Reading database ... 70%(Reading database ... 75%(Reading database ... 80%(Reading database ... 85%(Reading database ... 90%(Reading database ... 95%(Reading database ... 100%(Reading database ... 74109 files and directories currently installed.)
Preparing to unpack .../000-binutils-common_2.42-4ubuntu2.10_arm64.deb ...
Unpacking binutils-common:arm64 (2.42-4ubuntu2.10) ...
Selecting previously unselected package libsframe1:arm64.
Preparing to unpack .../001-libsframe1_2.42-4ubuntu2.10_arm64.deb ...
Unpacking libsframe1:arm64 (2.42-4ubuntu2.10) ...
Selecting previously unselected package libbinutils:arm64.
Preparing to unpack .../002-libbinutils_2.42-4ubuntu2.10_arm64.deb ...
Unpacking libbinutils:arm64 (2.42-4ubuntu2.10) ...
Selecting previously unselected package libctf-nobfd0:arm64.
Preparing to unpack .../003-libctf-nobfd0_2.42-4ubuntu2.10_arm64.deb ...
Unpacking libctf-nobfd0:arm64 (2.42-4ubuntu2.10) ...
Selecting previously unselected package libctf0:arm64.
Preparing to unpack .../004-libctf0_2.42-4ubuntu2.10_arm64.deb ...
Unpacking libctf0:arm64 (2.42-4ubuntu2.10) ...
Selecting previously unselected package libgprofng0:arm64.
Preparing to unpack .../005-libgprofng0_2.42-4ubuntu2.10_arm64.deb ...
Unpacking libgprofng0:arm64 (2.42-4ubuntu2.10) ...
Selecting previously unselected package binutils-aarch64-linux-gnu.
Preparing to unpack .../006-binutils-aarch64-linux-gnu_2.42-4ubuntu2.10_arm64.deb ...
Unpacking binutils-aarch64-linux-gnu (2.42-4ubuntu2.10) ...
Selecting previously unselected package binutils.
Preparing to unpack .../007-binutils_2.42-4ubuntu2.10_arm64.deb ...
Unpacking binutils (2.42-4ubuntu2.10) ...
Selecting previously unselected package libc-dev-bin.
Preparing to unpack .../008-libc-dev-bin_2.39-0ubuntu8.7_arm64.deb ...
Unpacking libc-dev-bin (2.39-0ubuntu8.7) ...
Selecting previously unselected package linux-libc-dev:arm64.
Preparing to unpack .../009-linux-libc-dev_6.8.0-136.136_arm64.deb ...
Unpacking linux-libc-dev:arm64 (6.8.0-136.136) ...
Selecting previously unselected package libcrypt-dev:arm64.
Preparing to unpack .../010-libcrypt-dev_1%3a4.4.36-4build1_arm64.deb ...
Unpacking libcrypt-dev:arm64 (1:4.4.36-4build1) ...
Selecting previously unselected package rpcsvc-proto.
Preparing to unpack .../011-rpcsvc-proto_1.4.2-0ubuntu7_arm64.deb ...
Unpacking rpcsvc-proto (1.4.2-0ubuntu7) ...
Selecting previously unselected package libc6-dev:arm64.
Preparing to unpack .../012-libc6-dev_2.39-0ubuntu8.7_arm64.deb ...
Unpacking libc6-dev:arm64 (2.39-0ubuntu8.7) ...
Selecting previously unselected package gcc-13-base:arm64.
Preparing to unpack .../013-gcc-13-base_13.3.0-6ubuntu2~24.04.1_arm64.deb ...
Unpacking gcc-13-base:arm64 (13.3.0-6ubuntu2~24.04.1) ...
Selecting previously unselected package libisl23:arm64.
Preparing to unpack .../014-libisl23_0.26-3build1.1_arm64.deb ...
Unpacking libisl23:arm64 (0.26-3build1.1) ...
Selecting previously unselected package libmpc3:arm64.
Preparing to unpack .../015-libmpc3_1.3.1-1build1.1_arm64.deb ...
Unpacking libmpc3:arm64 (1.3.1-1build1.1) ...
Selecting previously unselected package cpp-13-aarch64-linux-gnu.
Preparing to unpack .../016-cpp-13-aarch64-linux-gnu_13.3.0-6ubuntu2~24.04.1_arm64.deb ...
Unpacking cpp-13-aarch64-linux-gnu (13.3.0-6ubuntu2~24.04.1) ...
Selecting previously unselected package cpp-13.
Preparing to unpack .../017-cpp-13_13.3.0-6ubuntu2~24.04.1_arm64.deb ...
Unpacking cpp-13 (13.3.0-6ubuntu2~24.04.1) ...
Selecting previously unselected package cpp-aarch64-linux-gnu.
Preparing to unpack .../018-cpp-aarch64-linux-gnu_4%3a13.2.0-7ubuntu1_arm64.deb ...
Unpacking cpp-aarch64-linux-gnu (4:13.2.0-7ubuntu1) ...
Selecting previously unselected package cpp.
Preparing to unpack .../019-cpp_4%3a13.2.0-7ubuntu1_arm64.deb ...
Unpacking cpp (4:13.2.0-7ubuntu1) ...
Selecting previously unselected package libcc1-0:arm64.
Preparing to unpack .../020-libcc1-0_14.2.0-4ubuntu2~24.04.1_arm64.deb ...
Unpacking libcc1-0:arm64 (14.2.0-4ubuntu2~24.04.1) ...
Selecting previously unselected package libgomp1:arm64.
Preparing to unpack .../021-libgomp1_14.2.0-4ubuntu2~24.04.1_arm64.deb ...
Unpacking libgomp1:arm64 (14.2.0-4ubuntu2~24.04.1) ...
Selecting previously unselected package libitm1:arm64.
Preparing to unpack .../022-libitm1_14.2.0-4ubuntu2~24.04.1_arm64.deb ...
Unpacking libitm1:arm64 (14.2.0-4ubuntu2~24.04.1) ...
Selecting previously unselected package libatomic1:arm64.
Preparing to unpack .../023-libatomic1_14.2.0-4ubuntu2~24.04.1_arm64.deb ...
Unpacking libatomic1:arm64 (14.2.0-4ubuntu2~24.04.1) ...
Selecting previously unselected package libasan8:arm64.
Preparing to unpack .../024-libasan8_14.2.0-4ubuntu2~24.04.1_arm64.deb ...
Unpacking libasan8:arm64 (14.2.0-4ubuntu2~24.04.1) ...
Selecting previously unselected package liblsan0:arm64.
Preparing to unpack .../025-liblsan0_14.2.0-4ubuntu2~24.04.1_arm64.deb ...
Unpacking liblsan0:arm64 (14.2.0-4ubuntu2~24.04.1) ...
Selecting previously unselected package libtsan2:arm64.
Preparing to unpack .../026-libtsan2_14.2.0-4ubuntu2~24.04.1_arm64.deb ...
Unpacking libtsan2:arm64 (14.2.0-4ubuntu2~24.04.1) ...
Selecting previously unselected package libubsan1:arm64.
Preparing to unpack .../027-libubsan1_14.2.0-4ubuntu2~24.04.1_arm64.deb ...
Unpacking libubsan1:arm64 (14.2.0-4ubuntu2~24.04.1) ...
Selecting previously unselected package libhwasan0:arm64.
Preparing to unpack .../028-libhwasan0_14.2.0-4ubuntu2~24.04.1_arm64.deb ...
Unpacking libhwasan0:arm64 (14.2.0-4ubuntu2~24.04.1) ...
Selecting previously unselected package libgcc-13-dev:arm64.
Preparing to unpack .../029-libgcc-13-dev_13.3.0-6ubuntu2~24.04.1_arm64.deb ...
Unpacking libgcc-13-dev:arm64 (13.3.0-6ubuntu2~24.04.1) ...
Selecting previously unselected package gcc-13-aarch64-linux-gnu.
Preparing to unpack .../030-gcc-13-aarch64-linux-gnu_13.3.0-6ubuntu2~24.04.1_arm64.deb ...
Unpacking gcc-13-aarch64-linux-gnu (13.3.0-6ubuntu2~24.04.1) ...
Selecting previously unselected package gcc-13.
Preparing to unpack .../031-gcc-13_13.3.0-6ubuntu2~24.04.1_arm64.deb ...
Unpacking gcc-13 (13.3.0-6ubuntu2~24.04.1) ...
Selecting previously unselected package gcc-aarch64-linux-gnu.
Preparing to unpack .../032-gcc-aarch64-linux-gnu_4%3a13.2.0-7ubuntu1_arm64.deb ...
Unpacking gcc-aarch64-linux-gnu (4:13.2.0-7ubuntu1) ...
Selecting previously unselected package gcc.
Preparing to unpack .../033-gcc_4%3a13.2.0-7ubuntu1_arm64.deb ...
Unpacking gcc (4:13.2.0-7ubuntu1) ...
Selecting previously unselected package libstdc++-13-dev:arm64.
Preparing to unpack .../034-libstdc++-13-dev_13.3.0-6ubuntu2~24.04.1_arm64.deb ...
Unpacking libstdc++-13-dev:arm64 (13.3.0-6ubuntu2~24.04.1) ...
Selecting previously unselected package g++-13-aarch64-linux-gnu.
Preparing to unpack .../035-g++-13-aarch64-linux-gnu_13.3.0-6ubuntu2~24.04.1_arm64.deb ...
Unpacking g++-13-aarch64-linux-gnu (13.3.0-6ubuntu2~24.04.1) ...
Selecting previously unselected package g++-13.
Preparing to unpack .../036-g++-13_13.3.0-6ubuntu2~24.04.1_arm64.deb ...
Unpacking g++-13 (13.3.0-6ubuntu2~24.04.1) ...
Selecting previously unselected package g++-aarch64-linux-gnu.
Preparing to unpack .../037-g++-aarch64-linux-gnu_4%3a13.2.0-7ubuntu1_arm64.deb ...
Unpacking g++-aarch64-linux-gnu (4:13.2.0-7ubuntu1) ...
Selecting previously unselected package g++.
Preparing to unpack .../038-g++_4%3a13.2.0-7ubuntu1_arm64.deb ...
Unpacking g++ (4:13.2.0-7ubuntu1) ...
Selecting previously unselected package make.
Preparing to unpack .../039-make_4.3-4.1build2_arm64.deb ...
Unpacking make (4.3-4.1build2) ...
Selecting previously unselected package libdpkg-perl.
Preparing to unpack .../040-libdpkg-perl_1.22.6ubuntu6.6_all.deb ...
Unpacking libdpkg-perl (1.22.6ubuntu6.6) ...
Selecting previously unselected package bzip2.
Preparing to unpack .../041-bzip2_1.0.8-5.1build0.1_arm64.deb ...
Unpacking bzip2 (1.0.8-5.1build0.1) ...
Selecting previously unselected package lto-disabled-list.
Preparing to unpack .../042-lto-disabled-list_47_all.deb ...
Unpacking lto-disabled-list (47) ...
Selecting previously unselected package dpkg-dev.
Preparing to unpack .../043-dpkg-dev_1.22.6ubuntu6.6_all.deb ...
Unpacking dpkg-dev (1.22.6ubuntu6.6) ...
Selecting previously unselected package build-essential.
Preparing to unpack .../044-build-essential_12.10ubuntu1_arm64.deb ...
Unpacking build-essential (12.10ubuntu1) ...
Selecting previously unselected package node-fast-deep-equal.
Preparing to unpack .../045-node-fast-deep-equal_3.1.3-3_all.deb ...
Unpacking node-fast-deep-equal (3.1.3-3) ...
Selecting previously unselected package node-json-schema-traverse.
Preparing to unpack .../046-node-json-schema-traverse_1.0.0-3_all.deb ...
Unpacking node-json-schema-traverse (1.0.0-3) ...
Selecting previously unselected package node-jsonify.
Preparing to unpack .../047-node-jsonify_0.0.1-1_all.deb ...
Unpacking node-jsonify (0.0.1-1) ...
Selecting previously unselected package node-json-stable-stringify.
Preparing to unpack .../048-node-json-stable-stringify_1.0.2+repack1+~cs1.0.34-2_all.deb ...
Unpacking node-json-stable-stringify (1.0.2+repack1+~cs1.0.34-2) ...
Selecting previously unselected package node-punycode.
Preparing to unpack .../049-node-punycode_2.2.3-2_all.deb ...
Unpacking node-punycode (2.2.3-2) ...
Selecting previously unselected package node-uri-js.
Preparing to unpack .../050-node-uri-js_4.4.0+dfsg-8_all.deb ...
Unpacking node-uri-js (4.4.0+dfsg-8) ...
Selecting previously unselected package libcares2:arm64.
Preparing to unpack .../051-libcares2_1.27.0-1.0ubuntu1_arm64.deb ...
Unpacking libcares2:arm64 (1.27.0-1.0ubuntu1) ...
Selecting previously unselected package node-xtend.
Preparing to unpack .../052-node-xtend_4.0.2-3_all.deb ...
Unpacking node-xtend (4.0.2-3) ...
Selecting previously unselected package node-acorn.
Preparing to unpack .../053-node-acorn_8.8.1+ds+~cs25.17.7-2_all.deb ...
Unpacking node-acorn (8.8.1+ds+~cs25.17.7-2) ...
Selecting previously unselected package node-cjs-module-lexer.
Preparing to unpack .../054-node-cjs-module-lexer_1.2.3+dfsg-1_all.deb ...
Unpacking node-cjs-module-lexer (1.2.3+dfsg-1) ...
Selecting previously unselected package node-busboy.
Preparing to unpack .../055-node-busboy_1.6.0+~cs2.6.0-2_all.deb ...
Unpacking node-busboy (1.6.0+~cs2.6.0-2) ...
Selecting previously unselected package node-undici.
Preparing to unpack .../056-node-undici_5.26.3+dfsg1+~cs23.10.12-2_all.deb ...
Unpacking node-undici (5.26.3+dfsg1+~cs23.10.12-2) ...
Selecting previously unselected package libnode109:arm64.
Preparing to unpack .../057-libnode109_18.19.1+dfsg-6ubuntu5_arm64.deb ...
Unpacking libnode109:arm64 (18.19.1+dfsg-6ubuntu5) ...
Selecting previously unselected package nodejs.
Preparing to unpack .../058-nodejs_18.19.1+dfsg-6ubuntu5_arm64.deb ...
Unpacking nodejs (18.19.1+dfsg-6ubuntu5) ...
Selecting previously unselected package node-ajv.
Preparing to unpack .../059-node-ajv_8.12.0~ds+~2.1.1-4_all.deb ...
Unpacking node-ajv (8.12.0~ds+~2.1.1-4) ...
Selecting previously unselected package libjs-inherits.
Preparing to unpack .../060-libjs-inherits_2.0.4-6_all.deb ...
Unpacking libjs-inherits (2.0.4-6) ...
Selecting previously unselected package node-inherits.
Preparing to unpack .../061-node-inherits_2.0.4-6_all.deb ...
Unpacking node-inherits (2.0.4-6) ...
Selecting previously unselected package node-core-util-is.
Preparing to unpack .../062-node-core-util-is_1.0.3-1_all.deb ...
Unpacking node-core-util-is (1.0.3-1) ...
Selecting previously unselected package node-safe-buffer.
Preparing to unpack .../063-node-safe-buffer_5.2.1+~cs2.1.2-3_all.deb ...
Unpacking node-safe-buffer (5.2.1+~cs2.1.2-3) ...
Selecting previously unselected package node-string-decoder.
Preparing to unpack .../064-node-string-decoder_1.3.0-6_all.deb ...
Unpacking node-string-decoder (1.3.0-6) ...
Selecting previously unselected package node-process-nextick-args.
Preparing to unpack .../065-node-process-nextick-args_2.0.1-3_all.deb ...
Unpacking node-process-nextick-args (2.0.1-3) ...
Selecting previously unselected package node-util-deprecate.
Preparing to unpack .../066-node-util-deprecate_1.0.2-3_all.deb ...
Unpacking node-util-deprecate (1.0.2-3) ...
Selecting previously unselected package node-isarray.
Preparing to unpack .../067-node-isarray_2.0.5-4_all.deb ...
Unpacking node-isarray (2.0.5-4) ...
Selecting previously unselected package node-readable-stream.
Preparing to unpack .../068-node-readable-stream_3.6.0+~cs3.0.0-4build1_all.deb ...
Unpacking node-readable-stream (3.6.0+~cs3.0.0-4build1) ...
Selecting previously unselected package node-typedarray.
Preparing to unpack .../069-node-typedarray_0.0.7-1_all.deb ...
Unpacking node-typedarray (0.0.7-1) ...
Selecting previously unselected package node-concat-stream.
Preparing to unpack .../070-node-concat-stream_2.0.0+~2.0.0-2_all.deb ...
Unpacking node-concat-stream (2.0.0+~2.0.0-2) ...
Selecting previously unselected package node-ms.
Preparing to unpack .../071-node-ms_2.1.3+~cs0.7.31-3_all.deb ...
Unpacking node-ms (2.1.3+~cs0.7.31-3) ...
Selecting previously unselected package node-debug.
Preparing to unpack .../072-node-debug_4.3.4+~cs4.1.7-1_all.deb ...
Unpacking node-debug (4.3.4+~cs4.1.7-1) ...
Selecting previously unselected package node-esutils.
Preparing to unpack .../073-node-esutils_2.0.3+~2.0.0-1_all.deb ...
Unpacking node-esutils (2.0.3+~2.0.0-1) ...
Selecting previously unselected package node-doctrine.
Preparing to unpack .../074-node-doctrine_3.0.0-4_all.deb ...
Unpacking node-doctrine (3.0.0-4) ...
Selecting previously unselected package node-eslint-visitor-keys.
Preparing to unpack .../075-node-eslint-visitor-keys_3.3.0+~1.0.0-1_all.deb ...
Unpacking node-eslint-visitor-keys (3.3.0+~1.0.0-1) ...
Selecting previously unselected package node-estraverse.
Preparing to unpack .../076-node-estraverse_5.3.0+ds+~5.1.1-1_all.deb ...
Unpacking node-estraverse (5.3.0+ds+~5.1.1-1) ...
Selecting previously unselected package node-object-assign.
Preparing to unpack .../077-node-object-assign_4.1.1-7_all.deb ...
Unpacking node-object-assign (4.1.1-7) ...
Selecting previously unselected package node-esrecurse.
Preparing to unpack .../078-node-esrecurse_4.3.0-2_all.deb ...
Unpacking node-esrecurse (4.3.0-2) ...
Selecting previously unselected package node-eslint-scope.
Preparing to unpack .../079-node-eslint-scope_7.1.1+~3.7.4-1_all.deb ...
Unpacking node-eslint-scope (7.1.1+~3.7.4-1) ...
Selecting previously unselected package node-espree.
Preparing to unpack .../080-node-espree_9.4.1~dfsg-2_all.deb ...
Unpacking node-espree (9.4.1~dfsg-2) ...
Selecting previously unselected package node-esquery.
Preparing to unpack .../081-node-esquery_1.4.2~ds-1_all.deb ...
Unpacking node-esquery (1.4.2~ds-1) ...
Selecting previously unselected package node-eslint-utils.
Preparing to unpack .../082-node-eslint-utils_3.0.0-3_all.deb ...
Unpacking node-eslint-utils (3.0.0-3) ...
Selecting previously unselected package node-flatted.
Preparing to unpack .../083-node-flatted_3.2.7~ds-1_all.deb ...
Unpacking node-flatted (3.2.7~ds-1) ...
Selecting previously unselected package node-fs.realpath.
Preparing to unpack .../084-node-fs.realpath_1.0.0-3_all.deb ...
Unpacking node-fs.realpath (1.0.0-3) ...
Selecting previously unselected package node-wrappy.
Preparing to unpack .../085-node-wrappy_1.0.2-3_all.deb ...
Unpacking node-wrappy (1.0.2-3) ...
Selecting previously unselected package node-once.
Preparing to unpack .../086-node-once_1.4.1-1_all.deb ...
Unpacking node-once (1.4.1-1) ...
Selecting previously unselected package node-inflight.
Preparing to unpack .../087-node-inflight_1.0.6-2_all.deb ...
Unpacking node-inflight (1.0.6-2) ...
Selecting previously unselected package node-balanced-match.
Preparing to unpack .../088-node-balanced-match_2.0.0-1_all.deb ...
Unpacking node-balanced-match (2.0.0-1) ...
Selecting previously unselected package node-brace-expansion.
Preparing to unpack .../089-node-brace-expansion_2.0.1+~1.1.0-1_all.deb ...
Unpacking node-brace-expansion (2.0.1+~1.1.0-1) ...
Selecting previously unselected package node-minimatch.
Preparing to unpack .../090-node-minimatch_9.0.3-4build5_all.deb ...
Unpacking node-minimatch (9.0.3-4build5) ...
Selecting previously unselected package node-glob.
Preparing to unpack .../091-node-glob_8.1.0+~cs8.5.15-1_all.deb ...
Unpacking node-glob (8.1.0+~cs8.5.15-1) ...
Selecting previously unselected package node-rimraf.
Preparing to unpack .../092-node-rimraf_3.0.2-2_all.deb ...
Unpacking node-rimraf (3.0.2-2) ...
Selecting previously unselected package node-write.
Preparing to unpack .../093-node-write_2.0.0~6.0.1+~3.0.4+~2.0.0+~1.0.0+~2.0.1-1_all.deb ...
Unpacking node-write (2.0.0~6.0.1+~3.0.4+~2.0.0+~1.0.0+~2.0.1-1) ...
Selecting previously unselected package node-flat-cache.
Preparing to unpack .../094-node-flat-cache_3.0.4~6.0.1+~3.0.4+~2.0.0+~1.0.0+~2.0.1-1_all.deb ...
Unpacking node-flat-cache (3.0.4~6.0.1+~3.0.4+~2.0.0+~1.0.0+~2.0.1-1) ...
Selecting previously unselected package node-file-entry-cache.
Preparing to unpack .../095-node-file-entry-cache_6.0.1+~3.0.4+~2.0.0+~1.0.0+~2.0.1-1_all.deb ...
Unpacking node-file-entry-cache (6.0.1+~3.0.4+~2.0.0+~1.0.0+~2.0.1-1) ...
Selecting previously unselected package node-functional-red-black-tree.
Preparing to unpack .../096-node-functional-red-black-tree_1.0.1+20181105-7_all.deb ...
Unpacking node-functional-red-black-tree (1.0.1+20181105-7) ...
Selecting previously unselected package node-is-extglob.
Preparing to unpack .../097-node-is-extglob_2.1.1-5_all.deb ...
Unpacking node-is-extglob (2.1.1-5) ...
Selecting previously unselected package node-is-glob.
Preparing to unpack .../098-node-is-glob_4.0.3-2_all.deb ...
Unpacking node-is-glob (4.0.3-2) ...
Selecting previously unselected package node-path-dirname.
Preparing to unpack .../099-node-path-dirname_1.0.2-2_all.deb ...
Unpacking node-path-dirname (1.0.2-2) ...
Selecting previously unselected package node-glob-parent.
Preparing to unpack .../100-node-glob-parent_6.0.2+~5.1.1-2_all.deb ...
Unpacking node-glob-parent (6.0.2+~5.1.1-2) ...
Selecting previously unselected package node-globals.
Preparing to unpack .../101-node-globals_13.23.0-1_all.deb ...
Unpacking node-globals (13.23.0-1) ...
Selecting previously unselected package node-resolve-from.
Preparing to unpack .../102-node-resolve-from_5.0.0+~3.1.0+~3.3.0+~2.0.0-1_all.deb ...
Unpacking node-resolve-from (5.0.0+~3.1.0+~3.3.0+~2.0.0-1) ...
Selecting previously unselected package node-imurmurhash.
Preparing to unpack .../103-node-imurmurhash_0.1.4+dfsg+~0.1.1-2_all.deb ...
Unpacking node-imurmurhash (0.1.4+dfsg+~0.1.1-2) ...
Selecting previously unselected package node-ignore.
Preparing to unpack .../104-node-ignore_5.2.1-1_all.deb ...
Unpacking node-ignore (5.2.1-1) ...
Selecting previously unselected package node-prelude-ls.
Preparing to unpack .../105-node-prelude-ls_1.2.1+dfsg-3_all.deb ...
Unpacking node-prelude-ls (1.2.1+dfsg-3) ...
Selecting previously unselected package node-type-check.
Preparing to unpack .../106-node-type-check_0.4.0+dfsg-3_all.deb ...
Unpacking node-type-check (0.4.0+dfsg-3) ...
Selecting previously unselected package node-levn.
Preparing to unpack .../107-node-levn_0.4.1+dfsg-2_all.deb ...
Unpacking node-levn (0.4.1+dfsg-2) ...
Selecting previously unselected package node-lodash.
Preparing to unpack .../108-node-lodash_4.17.21+dfsg+~cs8.31.198.20210220-9_all.deb ...
Unpacking node-lodash (4.17.21+dfsg+~cs8.31.198.20210220-9) ...
Selecting previously unselected package node-memfs.
Preparing to unpack .../109-node-memfs_3.4.12+~cs1.0.3-1_all.deb ...
Unpacking node-memfs (3.4.12+~cs1.0.3-1) ...
Selecting previously unselected package node-mkdirp.
Preparing to unpack .../110-node-mkdirp_1.0.4+~1.0.2-4_all.deb ...
Unpacking node-mkdirp (1.0.4+~1.0.2-4) ...
Selecting previously unselected package node-deep-is.
Preparing to unpack .../111-node-deep-is_0.1.4-1_all.deb ...
Unpacking node-deep-is (0.1.4-1) ...
Selecting previously unselected package node-fast-levenshtein.
Preparing to unpack .../112-node-fast-levenshtein_2.0.6+ds-3_all.deb ...
Unpacking node-fast-levenshtein (2.0.6+ds-3) ...
Selecting previously unselected package node-optionator.
Preparing to unpack .../113-node-optionator_0.9.1+dfsg+~cs1.2.3-1_all.deb ...
Unpacking node-optionator (0.9.1+dfsg+~cs1.2.3-1) ...
Selecting previously unselected package node-progress.
Preparing to unpack .../114-node-progress_2.0.3-2_all.deb ...
Unpacking node-progress (2.0.3-2) ...
Selecting previously unselected package libjs-regenerate.
Preparing to unpack .../115-libjs-regenerate_1.4.2-3_all.deb ...
Unpacking libjs-regenerate (1.4.2-3) ...
Selecting previously unselected package node-regenerate.
Preparing to unpack .../116-node-regenerate_1.4.2-3_all.deb ...
Unpacking node-regenerate (1.4.2-3) ...
Selecting previously unselected package node-regenerate-unicode-properties.
Preparing to unpack .../117-node-regenerate-unicode-properties_10.1.0+ds-1_all.deb ...
Unpacking node-regenerate-unicode-properties (10.1.0+ds-1) ...
Selecting previously unselected package node-regexpp.
Preparing to unpack .../118-node-regexpp_3.2.0-5_all.deb ...
Unpacking node-regexpp (3.2.0-5) ...
Selecting previously unselected package node-yallist.
Preparing to unpack .../119-node-yallist_4.0.0+~4.0.1-1_all.deb ...
Unpacking node-yallist (4.0.0+~4.0.1-1) ...
Selecting previously unselected package node-lru-cache.
Preparing to unpack .../120-node-lru-cache_7.14.1-1_all.deb ...
Unpacking node-lru-cache (7.14.1-1) ...
Selecting previously unselected package node-semver.
Preparing to unpack .../121-node-semver_7.5.4+~7.5.0-2_all.deb ...
Unpacking node-semver (7.5.4+~7.5.0-2) ...
Selecting previously unselected package node-strip-json-comments.
Preparing to unpack .../122-node-strip-json-comments_4.0.0-4_all.deb ...
Unpacking node-strip-json-comments (4.0.0-4) ...
Selecting previously unselected package node-json-schema.
Preparing to unpack .../123-node-json-schema_0.4.0+~7.0.11-1_all.deb ...
Unpacking node-json-schema (0.4.0+~7.0.11-1) ...
Selecting previously unselected package node-v8-compile-cache.
Preparing to unpack .../124-node-v8-compile-cache_2.4.0-2_all.deb ...
Unpacking node-v8-compile-cache (2.4.0-2) ...
Selecting previously unselected package eslint.
Preparing to unpack .../125-eslint_6.4.0~dfsg+~6.1.9-11build3_all.deb ...
Unpacking eslint (6.4.0~dfsg+~6.1.9-11build3) ...
Selecting previously unselected package libfakeroot:arm64.
Preparing to unpack .../126-libfakeroot_1.33-1_arm64.deb ...
Unpacking libfakeroot:arm64 (1.33-1) ...
Selecting previously unselected package fakeroot.
Preparing to unpack .../127-fakeroot_1.33-1_arm64.deb ...
Unpacking fakeroot (1.33-1) ...
Selecting previously unselected package fonts-dejavu-mono.
Preparing to unpack .../128-fonts-dejavu-mono_2.37-8_all.deb ...
Unpacking fonts-dejavu-mono (2.37-8) ...
Selecting previously unselected package fonts-dejavu-core.
Preparing to unpack .../129-fonts-dejavu-core_2.37-8_all.deb ...
Unpacking fonts-dejavu-core (2.37-8) ...
Selecting previously unselected package fontconfig-config.
Preparing to unpack .../130-fontconfig-config_2.15.0-1.1ubuntu2_arm64.deb ...
Unpacking fontconfig-config (2.15.0-1.1ubuntu2) ...
Selecting previously unselected package gyp.
Preparing to unpack .../131-gyp_0.1+20220404git9ecf45e-2_all.deb ...
Unpacking gyp (0.1+20220404git9ecf45e-2) ...
Selecting previously unselected package node-neo-async.
Preparing to unpack .../132-node-neo-async_2.6.2+~cs3.0.0-3_all.deb ...
Unpacking node-neo-async (2.6.2+~cs3.0.0-3) ...
Selecting previously unselected package node-arrify.
Preparing to unpack .../133-node-arrify_2.0.1-3_all.deb ...
Unpacking node-arrify (2.0.1-3) ...
Selecting previously unselected package node-is-plain-obj.
Preparing to unpack .../134-node-is-plain-obj_3.0.0-2_all.deb ...
Unpacking node-is-plain-obj (3.0.0-2) ...
Selecting previously unselected package node-is-buffer.
Preparing to unpack .../135-node-is-buffer_2.0.5-2_all.deb ...
Unpacking node-is-buffer (2.0.5-2) ...
Selecting previously unselected package node-kind-of.
Preparing to unpack .../136-node-kind-of_6.0.3+dfsg-2_all.deb ...
Unpacking node-kind-of (6.0.3+dfsg-2) ...
Selecting previously unselected package node-minimist.
Preparing to unpack .../137-node-minimist_1.2.8+~cs5.3.5-1_all.deb ...
Unpacking node-minimist (1.2.8+~cs5.3.5-1) ...
Selecting previously unselected package node-wordwrap.
Preparing to unpack .../138-node-wordwrap_1.0.0-4_all.deb ...
Unpacking node-wordwrap (1.0.0-4) ...
Selecting previously unselected package node-optimist.
Preparing to unpack .../139-node-optimist_0.6.1+~0.0.30-2_all.deb ...
Unpacking node-optimist (0.6.1+~0.0.30-2) ...
Selecting previously unselected package libjs-source-map.
Preparing to unpack .../140-libjs-source-map_0.7.0++dfsg2+really.0.6.1-15_all.deb ...
Unpacking libjs-source-map (0.7.0++dfsg2+really.0.6.1-15) ...
Selecting previously unselected package node-source-map.
Preparing to unpack .../141-node-source-map_0.7.0++dfsg2+really.0.6.1-15_all.deb ...
Unpacking node-source-map (0.7.0++dfsg2+really.0.6.1-15) ...
Selecting previously unselected package handlebars.
Preparing to unpack .../142-handlebars_3%3a4.7.7+~4.1.0-1_all.deb ...
Unpacking handlebars (3:4.7.7+~4.1.0-1) ...
Selecting previously unselected package javascript-common.
Preparing to unpack .../143-javascript-common_11+nmu1_all.deb ...
Unpacking javascript-common (11+nmu1) ...
Selecting previously unselected package libalgorithm-diff-perl.
Preparing to unpack .../144-libalgorithm-diff-perl_1.201-1_all.deb ...
Unpacking libalgorithm-diff-perl (1.201-1) ...
Selecting previously unselected package libalgorithm-diff-xs-perl:arm64.
Preparing to unpack .../145-libalgorithm-diff-xs-perl_0.04-8build3_arm64.deb ...
Unpacking libalgorithm-diff-xs-perl:arm64 (0.04-8build3) ...
Selecting previously unselected package libalgorithm-merge-perl.
Preparing to unpack .../146-libalgorithm-merge-perl_0.08-5_all.deb ...
Unpacking libalgorithm-merge-perl (0.08-5) ...
Selecting previously unselected package libaom3:arm64.
Preparing to unpack .../147-libaom3_3.8.2-2ubuntu0.1_arm64.deb ...
Unpacking libaom3:arm64 (3.8.2-2ubuntu0.1) ...
Selecting previously unselected package libfontconfig1:arm64.
Preparing to unpack .../148-libfontconfig1_2.15.0-1.1ubuntu2_arm64.deb ...
Unpacking libfontconfig1:arm64 (2.15.0-1.1ubuntu2) ...
Selecting previously unselected package libsharpyuv0:arm64.
Preparing to unpack .../149-libsharpyuv0_1.3.2-0.4build3_arm64.deb ...
Unpacking libsharpyuv0:arm64 (1.3.2-0.4build3) ...
Selecting previously unselected package libheif-plugin-aomdec:arm64.
Preparing to unpack .../150-libheif-plugin-aomdec_1.17.6-1ubuntu4.6_arm64.deb ...
Unpacking libheif-plugin-aomdec:arm64 (1.17.6-1ubuntu4.6) ...
Selecting previously unselected package libheif1:arm64.
Preparing to unpack .../151-libheif1_1.17.6-1ubuntu4.6_arm64.deb ...
Unpacking libheif1:arm64 (1.17.6-1ubuntu4.6) ...
Selecting previously unselected package libjpeg-turbo8:arm64.
Preparing to unpack .../152-libjpeg-turbo8_2.1.5-2ubuntu2_arm64.deb ...
Unpacking libjpeg-turbo8:arm64 (2.1.5-2ubuntu2) ...
Selecting previously unselected package libjpeg8:arm64.
Preparing to unpack .../153-libjpeg8_8c-2ubuntu11_arm64.deb ...
Unpacking libjpeg8:arm64 (8c-2ubuntu11) ...
Selecting previously unselected package libdeflate0:arm64.
Preparing to unpack .../154-libdeflate0_1.19-1build1.1_arm64.deb ...
Unpacking libdeflate0:arm64 (1.19-1build1.1) ...
Selecting previously unselected package libjbig0:arm64.
Preparing to unpack .../155-libjbig0_2.1-6.1ubuntu2_arm64.deb ...
Unpacking libjbig0:arm64 (2.1-6.1ubuntu2) ...
Selecting previously unselected package liblerc4:arm64.
Preparing to unpack .../156-liblerc4_4.0.0+ds-4ubuntu2_arm64.deb ...
Unpacking liblerc4:arm64 (4.0.0+ds-4ubuntu2) ...
Selecting previously unselected package libwebp7:arm64.
Preparing to unpack .../157-libwebp7_1.3.2-0.4build3_arm64.deb ...
Unpacking libwebp7:arm64 (1.3.2-0.4build3) ...
Selecting previously unselected package libtiff6:arm64.
Preparing to unpack .../158-libtiff6_4.5.1+git230720-4ubuntu2.5_arm64.deb ...
Unpacking libtiff6:arm64 (4.5.1+git230720-4ubuntu2.5) ...
Selecting previously unselected package libxpm4:arm64.
Preparing to unpack .../159-libxpm4_1%3a3.5.17-1build2_arm64.deb ...
Unpacking libxpm4:arm64 (1:3.5.17-1build2) ...
Selecting previously unselected package libgd3:arm64.
Preparing to unpack .../160-libgd3_2.3.3-9ubuntu5_arm64.deb ...
Unpacking libgd3:arm64 (2.3.3-9ubuntu5) ...
Selecting previously unselected package libc-devtools.
Preparing to unpack .../161-libc-devtools_2.39-0ubuntu8.7_arm64.deb ...
Unpacking libc-devtools (2.39-0ubuntu8.7) ...
Selecting previously unselected package libclone-perl:arm64.
Preparing to unpack .../162-libclone-perl_0.46-1build3_arm64.deb ...
Unpacking libclone-perl:arm64 (0.46-1build3) ...
Selecting previously unselected package libdata-dump-perl.
Preparing to unpack .../163-libdata-dump-perl_1.25-1_all.deb ...
Unpacking libdata-dump-perl (1.25-1) ...
Selecting previously unselected package libllvm20:arm64.
Preparing to unpack .../164-libllvm20_1%3a20.1.2-0ubuntu1~24.04.3_arm64.deb ...
Unpacking libllvm20:arm64 (1:20.1.2-0ubuntu1~24.04.3) ...
Selecting previously unselected package libx11-xcb1:arm64.
Preparing to unpack .../165-libx11-xcb1_2%3a1.8.7-1build1_arm64.deb ...
Unpacking libx11-xcb1:arm64 (2:1.8.7-1build1) ...
Selecting previously unselected package libxcb-dri3-0:arm64.
Preparing to unpack .../166-libxcb-dri3-0_1.15-1ubuntu2_arm64.deb ...
Unpacking libxcb-dri3-0:arm64 (1.15-1ubuntu2) ...
Selecting previously unselected package libxcb-present0:arm64.
Preparing to unpack .../167-libxcb-present0_1.15-1ubuntu2_arm64.deb ...
Unpacking libxcb-present0:arm64 (1.15-1ubuntu2) ...
Selecting previously unselected package libxcb-randr0:arm64.
Preparing to unpack .../168-libxcb-randr0_1.15-1ubuntu2_arm64.deb ...
Unpacking libxcb-randr0:arm64 (1.15-1ubuntu2) ...
Selecting previously unselected package libxcb-sync1:arm64.
Preparing to unpack .../169-libxcb-sync1_1.15-1ubuntu2_arm64.deb ...
Unpacking libxcb-sync1:arm64 (1.15-1ubuntu2) ...
Selecting previously unselected package libxcb-xfixes0:arm64.
Preparing to unpack .../170-libxcb-xfixes0_1.15-1ubuntu2_arm64.deb ...
Unpacking libxcb-xfixes0:arm64 (1.15-1ubuntu2) ...
Selecting previously unselected package libxshmfence1:arm64.
Preparing to unpack .../171-libxshmfence1_1.3-1build5_arm64.deb ...
Unpacking libxshmfence1:arm64 (1.3-1build5) ...
Selecting previously unselected package mesa-libgallium:arm64.
Preparing to unpack .../172-mesa-libgallium_25.2.8-0ubuntu0.24.04.2_arm64.deb ...
Unpacking mesa-libgallium:arm64 (25.2.8-0ubuntu0.24.04.2) ...
Selecting previously unselected package libgbm1:arm64.
Preparing to unpack .../173-libgbm1_25.2.8-0ubuntu0.24.04.2_arm64.deb ...
Unpacking libgbm1:arm64 (25.2.8-0ubuntu0.24.04.2) ...
Selecting previously unselected package libwayland-client0:arm64.
Preparing to unpack .../174-libwayland-client0_1.22.0-2.1build1_arm64.deb ...
Unpacking libwayland-client0:arm64 (1.22.0-2.1build1) ...
Selecting previously unselected package libxcb-shm0:arm64.
Preparing to unpack .../175-libxcb-shm0_1.15-1ubuntu2_arm64.deb ...
Unpacking libxcb-shm0:arm64 (1.15-1ubuntu2) ...
Selecting previously unselected package libegl-mesa0:arm64.
Preparing to unpack .../176-libegl-mesa0_25.2.8-0ubuntu0.24.04.2_arm64.deb ...
Unpacking libegl-mesa0:arm64 (25.2.8-0ubuntu0.24.04.2) ...
Selecting previously unselected package libencode-locale-perl.
Preparing to unpack .../177-libencode-locale-perl_1.05-3_all.deb ...
Unpacking libencode-locale-perl (1.05-3) ...
Selecting previously unselected package libexpat1-dev:arm64.
Preparing to unpack .../178-libexpat1-dev_2.6.1-2ubuntu0.4_arm64.deb ...
Unpacking libexpat1-dev:arm64 (2.6.1-2ubuntu0.4) ...
Selecting previously unselected package libipc-system-simple-perl.
Preparing to unpack .../179-libipc-system-simple-perl_1.30-2_all.deb ...
Unpacking libipc-system-simple-perl (1.30-2) ...
Selecting previously unselected package libfile-basedir-perl.
Preparing to unpack .../180-libfile-basedir-perl_0.09-2_all.deb ...
Unpacking libfile-basedir-perl (0.09-2) ...
Selecting previously unselected package liburi-perl.
Preparing to unpack .../181-liburi-perl_5.27-1_all.deb ...
Unpacking liburi-perl (5.27-1) ...
Selecting previously unselected package libfile-desktopentry-perl.
Preparing to unpack .../182-libfile-desktopentry-perl_0.22-3_all.deb ...
Unpacking libfile-desktopentry-perl (0.22-3) ...
Selecting previously unselected package libfile-fcntllock-perl.
Preparing to unpack .../183-libfile-fcntllock-perl_0.22-4ubuntu5_arm64.deb ...
Unpacking libfile-fcntllock-perl (0.22-4ubuntu5) ...
Selecting previously unselected package libtimedate-perl.
Preparing to unpack .../184-libtimedate-perl_2.3300-2_all.deb ...
Unpacking libtimedate-perl (2.3300-2) ...
Selecting previously unselected package libhttp-date-perl.
Preparing to unpack .../185-libhttp-date-perl_6.06-1_all.deb ...
Unpacking libhttp-date-perl (6.06-1) ...
Selecting previously unselected package libfile-listing-perl.
Preparing to unpack .../186-libfile-listing-perl_6.16-1_all.deb ...
Unpacking libfile-listing-perl (6.16-1) ...
Selecting previously unselected package libfile-mimeinfo-perl.
Preparing to unpack .../187-libfile-mimeinfo-perl_0.34-1_all.deb ...
Unpacking libfile-mimeinfo-perl (0.34-1) ...
Selecting previously unselected package libfont-afm-perl.
Preparing to unpack .../188-libfont-afm-perl_1.20-4_all.deb ...
Unpacking libfont-afm-perl (1.20-4) ...
Selecting previously unselected package libgdk-pixbuf2.0-common.
Preparing to unpack .../189-libgdk-pixbuf2.0-common_2.42.10+dfsg-3ubuntu3.3_all.deb ...
Unpacking libgdk-pixbuf2.0-common (2.42.10+dfsg-3ubuntu3.3) ...
Selecting previously unselected package libgdk-pixbuf-2.0-0:arm64.
Preparing to unpack .../190-libgdk-pixbuf-2.0-0_2.42.10+dfsg-3ubuntu3.3_arm64.deb ...
Unpacking libgdk-pixbuf-2.0-0:arm64 (2.42.10+dfsg-3ubuntu3.3) ...
Selecting previously unselected package libgdk-pixbuf2.0-bin.
Preparing to unpack .../191-libgdk-pixbuf2.0-bin_2.42.10+dfsg-3ubuntu3.3_arm64.deb ...
Unpacking libgdk-pixbuf2.0-bin (2.42.10+dfsg-3ubuntu3.3) ...
Selecting previously unselected package libvulkan1:arm64.
Preparing to unpack .../192-libvulkan1_1.3.275.0-1build1_arm64.deb ...
Unpacking libvulkan1:arm64 (1.3.275.0-1build1) ...
Selecting previously unselected package libgl1-mesa-dri:arm64.
Preparing to unpack .../193-libgl1-mesa-dri_25.2.8-0ubuntu0.24.04.2_arm64.deb ...
Unpacking libgl1-mesa-dri:arm64 (25.2.8-0ubuntu0.24.04.2) ...
Selecting previously unselected package libxcb-glx0:arm64.
Preparing to unpack .../194-libxcb-glx0_1.15-1ubuntu2_arm64.deb ...
Unpacking libxcb-glx0:arm64 (1.15-1ubuntu2) ...
Selecting previously unselected package libxxf86vm1:arm64.
Preparing to unpack .../195-libxxf86vm1_1%3a1.1.4-1build4_arm64.deb ...
Unpacking libxxf86vm1:arm64 (1:1.1.4-1build4) ...
Selecting previously unselected package libglx-mesa0:arm64.
Preparing to unpack .../196-libglx-mesa0_25.2.8-0ubuntu0.24.04.2_arm64.deb ...
Unpacking libglx-mesa0:arm64 (25.2.8-0ubuntu0.24.04.2) ...
Selecting previously unselected package libheif-plugin-aomenc:arm64.
Preparing to unpack .../197-libheif-plugin-aomenc_1.17.6-1ubuntu4.6_arm64.deb ...
Unpacking libheif-plugin-aomenc:arm64 (1.17.6-1ubuntu4.6) ...
Selecting previously unselected package libhtml-tagset-perl.
Preparing to unpack .../198-libhtml-tagset-perl_3.20-6_all.deb ...
Unpacking libhtml-tagset-perl (3.20-6) ...
Selecting previously unselected package libhtml-parser-perl:arm64.
Preparing to unpack .../199-libhtml-parser-perl_3.81-1build3_arm64.deb ...
Unpacking libhtml-parser-perl:arm64 (3.81-1build3) ...
Selecting previously unselected package libio-html-perl.
Preparing to unpack .../200-libio-html-perl_1.004-3_all.deb ...
Unpacking libio-html-perl (1.004-3) ...
Selecting previously unselected package liblwp-mediatypes-perl.
Preparing to unpack .../201-liblwp-mediatypes-perl_6.04-2_all.deb ...
Unpacking liblwp-mediatypes-perl (6.04-2) ...
Selecting previously unselected package libhttp-message-perl.
Preparing to unpack .../202-libhttp-message-perl_6.45-1ubuntu1_all.deb ...
Unpacking libhttp-message-perl (6.45-1ubuntu1) ...
Selecting previously unselected package libhtml-form-perl.
Preparing to unpack .../203-libhtml-form-perl_6.11-1_all.deb ...
Unpacking libhtml-form-perl (6.11-1) ...
Selecting previously unselected package libhtml-tree-perl.
Preparing to unpack .../204-libhtml-tree-perl_5.07-3_all.deb ...
Unpacking libhtml-tree-perl (5.07-3) ...
Selecting previously unselected package libhtml-format-perl.
Preparing to unpack .../205-libhtml-format-perl_2.16-2_all.deb ...
Unpacking libhtml-format-perl (2.16-2) ...
Selecting previously unselected package libhttp-cookies-perl.
Preparing to unpack .../206-libhttp-cookies-perl_6.11-1_all.deb ...
Unpacking libhttp-cookies-perl (6.11-1) ...
Selecting previously unselected package libhttp-daemon-perl.
Preparing to unpack .../207-libhttp-daemon-perl_6.16-1ubuntu0.24.04.1_all.deb ...
Unpacking libhttp-daemon-perl (6.16-1ubuntu0.24.04.1) ...
Selecting previously unselected package libhttp-negotiate-perl.
Preparing to unpack .../208-libhttp-negotiate-perl_6.01-2_all.deb ...
Unpacking libhttp-negotiate-perl (6.01-2) ...
Selecting previously unselected package x11-common.
Preparing to unpack .../209-x11-common_1%3a7.7+23ubuntu3_all.deb ...
Unpacking x11-common (1:7.7+23ubuntu3) ...
Selecting previously unselected package libice6:arm64.
Preparing to unpack .../210-libice6_2%3a1.0.10-1build3_arm64.deb ...
Unpacking libice6:arm64 (2:1.0.10-1build3) ...
Selecting previously unselected package perl-openssl-defaults:arm64.
Preparing to unpack .../211-perl-openssl-defaults_7build3_arm64.deb ...
Unpacking perl-openssl-defaults:arm64 (7build3) ...
Selecting previously unselected package libnet-ssleay-perl:arm64.
Preparing to unpack .../212-libnet-ssleay-perl_1.94-1build4_arm64.deb ...
Unpacking libnet-ssleay-perl:arm64 (1.94-1build4) ...
Selecting previously unselected package libio-socket-ssl-perl.
Preparing to unpack .../213-libio-socket-ssl-perl_2.085-1_all.deb ...
Unpacking libio-socket-ssl-perl (2.085-1) ...
Selecting previously unselected package libio-stringy-perl.
Preparing to unpack .../214-libio-stringy-perl_2.111-3_all.deb ...
Unpacking libio-stringy-perl (2.111-3) ...
Selecting previously unselected package libjs-async.
Preparing to unpack .../215-libjs-async_0.8.0-6_all.deb ...
Unpacking libjs-async (0.8.0-6) ...
Selecting previously unselected package libjs-events.
Preparing to unpack .../216-libjs-events_3.3.0+~3.0.0-3_all.deb ...
Unpacking libjs-events (3.3.0+~3.0.0-3) ...
Selecting previously unselected package libjs-is-typedarray.
Preparing to unpack .../217-libjs-is-typedarray_1.0.0-4_all.deb ...
Unpacking libjs-is-typedarray (1.0.0-4) ...
Selecting previously unselected package libjs-jquery.
Preparing to unpack .../218-libjs-jquery_3.6.1+dfsg+~3.5.14-1_all.deb ...
Unpacking libjs-jquery (3.6.1+dfsg+~3.5.14-1) ...
Selecting previously unselected package libjs-prettify.
Preparing to unpack .../219-libjs-prettify_2015.12.04+dfsg-1.1_all.deb ...
Unpacking libjs-prettify (2015.12.04+dfsg-1.1) ...
Selecting previously unselected package libjs-underscore.
Preparing to unpack .../220-libjs-underscore_1.13.4~dfsg+~1.11.4-3_all.deb ...
Unpacking libjs-underscore (1.13.4~dfsg+~1.11.4-3) ...
Selecting previously unselected package libjs-sphinxdoc.
Preparing to unpack .../221-libjs-sphinxdoc_7.2.6-6_all.deb ...
Unpacking libjs-sphinxdoc (7.2.6-6) ...
Selecting previously unselected package libjs-sprintf-js.
Preparing to unpack .../222-libjs-sprintf-js_1.1.2+ds1+~1.1.2-1_all.deb ...
Unpacking libjs-sprintf-js (1.1.2+ds1+~1.1.2-1) ...
Selecting previously unselected package libjs-typedarray-to-buffer.
Preparing to unpack .../223-libjs-typedarray-to-buffer_4.0.0-2_all.deb ...
Unpacking libjs-typedarray-to-buffer (4.0.0-2) ...
Selecting previously unselected package node-lodash-packages.
Preparing to unpack .../224-node-lodash-packages_4.17.21+dfsg+~cs8.31.198.20210220-9_all.deb ...
Unpacking node-lodash-packages (4.17.21+dfsg+~cs8.31.198.20210220-9) ...
Selecting previously unselected package node-function-bind.
Preparing to unpack .../225-node-function-bind_1.1.2+~cs2.1.14-1_all.deb ...
Unpacking node-function-bind (1.1.2+~cs2.1.14-1) ...
Selecting previously unselected package node-object-inspect.
Preparing to unpack .../226-node-object-inspect_1.12.2+~cs1.8.1-1_all.deb ...
Unpacking node-object-inspect (1.12.2+~cs1.8.1-1) ...
Selecting previously unselected package node-es-abstract.
Preparing to unpack .../227-node-es-abstract_1.20.4+~cs26.27.47-1_all.deb ...
Unpacking node-es-abstract (1.20.4+~cs26.27.47-1) ...
Selecting previously unselected package node-resolve.
Preparing to unpack .../228-node-resolve_1.22.8+~cs5.34.15-2_all.deb ...
Unpacking node-resolve (1.22.8+~cs5.34.15-2) ...
Selecting previously unselected package node-define-properties.
Preparing to unpack .../229-node-define-properties_1.2.1+~cs2.2.3-1_all.deb ...
Unpacking node-define-properties (1.2.1+~cs2.2.3-1) ...
Selecting previously unselected package node-debbundle-es-to-primitive.
Preparing to unpack .../230-node-debbundle-es-to-primitive_1.2.1+~cs9.7.25-2_all.deb ...
Unpacking node-debbundle-es-to-primitive (1.2.1+~cs9.7.25-2) ...
Selecting previously unselected package node-isobject.
Preparing to unpack .../231-node-isobject_4.0.0-2_all.deb ...
Unpacking node-isobject (4.0.0-2) ...
Selecting previously unselected package node-is-descriptor.
Preparing to unpack .../232-node-is-descriptor_3.0.0-2_all.deb ...
Unpacking node-is-descriptor (3.0.0-2) ...
Selecting previously unselected package node-define-property.
Preparing to unpack .../233-node-define-property_2.0.2+really+2.0.2-3_all.deb ...
Unpacking node-define-property (2.0.2+really+2.0.2-3) ...
Selecting previously unselected package node-defined.
Preparing to unpack .../234-node-defined_1.0.1+~1.0.0-1_all.deb ...
Unpacking node-defined (1.0.1+~1.0.0-1) ...
Selecting previously unselected package node-abbrev.
Preparing to unpack .../235-node-abbrev_1.1.1+~1.1.2-1_all.deb ...
Unpacking node-abbrev (1.1.1+~1.1.2-1) ...
Selecting previously unselected package node-archy.
Preparing to unpack .../236-node-archy_1.0.0-6_all.deb ...
Unpacking node-archy (1.0.0-6) ...
Selecting previously unselected package node-async.
Preparing to unpack .../237-node-async_0.8.0-6_all.deb ...
Unpacking node-async (0.8.0-6) ...
Selecting previously unselected package node-convert-source-map.
Preparing to unpack .../238-node-convert-source-map_1.9.0+~1.5.2-1_all.deb ...
Unpacking node-convert-source-map (1.9.0+~1.5.2-1) ...
Selecting previously unselected package node-decamelize.
Preparing to unpack .../239-node-decamelize_4.0.0-2_all.deb ...
Unpacking node-decamelize (4.0.0-2) ...
Selecting previously unselected package node-es6-error.
Preparing to unpack .../240-node-es6-error_4.1.1-5_all.deb ...
Unpacking node-es6-error (4.1.1-5) ...
Selecting previously unselected package node-esprima.
Preparing to unpack .../241-node-esprima_4.0.1+ds+~4.0.3-2_all.deb ...
Unpacking node-esprima (4.0.1+ds+~4.0.3-2) ...
Selecting previously unselected package node-escodegen.
Preparing to unpack .../242-node-escodegen_2.1.0+dfsg+~0.0.8-1_all.deb ...
Unpacking node-escodegen (2.1.0+dfsg+~0.0.8-1) ...
Selecting previously unselected package node-commondir.
Preparing to unpack .../243-node-commondir_1.0.1+~1.0.0-1_all.deb ...
Unpacking node-commondir (1.0.1+~1.0.0-1) ...
Selecting previously unselected package node-is-number.
Preparing to unpack .../244-node-is-number_7.0.0-4_all.deb ...
Unpacking node-is-number (7.0.0-4) ...
Selecting previously unselected package node-repeat-string.
Preparing to unpack .../245-node-repeat-string_1.6.1+repack-1_all.deb ...
Unpacking node-repeat-string (1.6.1+repack-1) ...
Selecting previously unselected package node-to-regex-range.
Preparing to unpack .../246-node-to-regex-range_5.0.1-4_all.deb ...
Unpacking node-to-regex-range (5.0.1-4) ...
Selecting previously unselected package node-fill-range.
Preparing to unpack .../247-node-fill-range_7.0.1+~7.0.0-1_all.deb ...
Unpacking node-fill-range (7.0.1+~7.0.0-1) ...
Selecting previously unselected package node-braces.
Preparing to unpack .../248-node-braces_3.0.2+~3.0.1-1_all.deb ...
Unpacking node-braces (3.0.2+~3.0.1-1) ...
Selecting previously unselected package node-normalize-path.
Preparing to unpack .../249-node-normalize-path_3.0.0+~3.0.0-1_all.deb ...
Unpacking node-normalize-path (3.0.0+~3.0.0-1) ...
Selecting previously unselected package node-anymatch.
Preparing to unpack .../250-node-anymatch_3.1.3+~cs4.6.1-2_all.deb ...
Unpacking node-anymatch (3.1.3+~cs4.6.1-2) ...
Selecting previously unselected package node-micromatch.
Preparing to unpack .../251-node-micromatch_4.0.5+~4.0.2-1_all.deb ...
Unpacking node-micromatch (4.0.5+~4.0.2-1) ...
Selecting previously unselected package node-pify.
Preparing to unpack .../252-node-pify_5.0.0+~cs5.0.1-1_all.deb ...
Unpacking node-pify (5.0.0+~cs5.0.1-1) ...
Selecting previously unselected package node-path-type.
Preparing to unpack .../253-node-path-type_4.0.0-3_all.deb ...
Unpacking node-path-type (4.0.0-3) ...
Selecting previously unselected package node-n3.
Preparing to unpack .../254-node-n3_1.16.3+~1.2.3+~1.10.4-1_all.deb ...
Unpacking node-n3 (1.16.3+~1.2.3+~1.10.4-1) ...
Selecting previously unselected package node-slash.
Preparing to unpack .../255-node-slash_4.0.0-3_all.deb ...
Unpacking node-slash (4.0.0-3) ...
Selecting previously unselected package node-globby.
Preparing to unpack .../256-node-globby_13.1.3+~cs16.25.40-2_all.deb ...
Unpacking node-globby (13.1.3+~cs16.25.40-2) ...
Selecting previously unselected package node-graceful-fs.
Preparing to unpack .../257-node-graceful-fs_4.2.10-1_all.deb ...
Unpacking node-graceful-fs (4.2.10-1) ...
Selecting previously unselected package node-is-path-cwd.
Preparing to unpack .../258-node-is-path-cwd_2.2.0-2_all.deb ...
Unpacking node-is-path-cwd (2.2.0-2) ...
Selecting previously unselected package node-path-is-inside.
Preparing to unpack .../259-node-path-is-inside_1.0.2+~1.0.0-1_all.deb ...
Unpacking node-path-is-inside (1.0.2+~1.0.0-1) ...
Selecting previously unselected package node-is-path-inside.
Preparing to unpack .../260-node-is-path-inside_3.0.3-2_all.deb ...
Unpacking node-is-path-inside (3.0.3-2) ...
Selecting previously unselected package node-escape-string-regexp.
Preparing to unpack .../261-node-escape-string-regexp_4.0.0-2_all.deb ...
Unpacking node-escape-string-regexp (4.0.0-2) ...
Selecting previously unselected package node-indent-string.
Preparing to unpack .../262-node-indent-string_4.0.0-2_all.deb ...
Unpacking node-indent-string (4.0.0-2) ...
Selecting previously unselected package node-p-map.
Preparing to unpack .../263-node-p-map_4.0.0+~3.1.0+~3.0.1-1_all.deb ...
Unpacking node-p-map (4.0.0+~3.1.0+~3.0.1-1) ...
Selecting previously unselected package node-del.
Preparing to unpack .../264-node-del_7.0.0-5_all.deb ...
Unpacking node-del (7.0.0-5) ...
Selecting previously unselected package node-make-dir.
Preparing to unpack .../265-node-make-dir_3.1.0-3_all.deb ...
Unpacking node-make-dir (3.1.0-3) ...
Selecting previously unselected package node-p-limit.
Preparing to unpack .../266-node-p-limit_4.0.0+~cs4.0.0-5_all.deb ...
Unpacking node-p-limit (4.0.0+~cs4.0.0-5) ...
Selecting previously unselected package node-p-locate.
Preparing to unpack .../267-node-p-locate_6.0.0-12_all.deb ...
Unpacking node-p-locate (6.0.0-12) ...
Selecting previously unselected package node-locate-path.
Preparing to unpack .../268-node-locate-path_7.1.1-2_all.deb ...
Unpacking node-locate-path (7.1.1-2) ...
Selecting previously unselected package node-path-exists.
Preparing to unpack .../269-node-path-exists_5.0.0-8_all.deb ...
Unpacking node-path-exists (5.0.0-8) ...
Selecting previously unselected package node-find-up.
Preparing to unpack .../270-node-find-up_6.3.0-7_all.deb ...
Unpacking node-find-up (6.3.0-7) ...
Selecting previously unselected package node-pkg-dir.
Preparing to unpack .../271-node-pkg-dir_5.0.0-2_all.deb ...
Unpacking node-pkg-dir (5.0.0-2) ...
Selecting previously unselected package node-find-cache-dir.
Preparing to unpack .../272-node-find-cache-dir_3.3.2+~3.2.1-1_all.deb ...
Unpacking node-find-cache-dir (3.3.2+~3.2.1-1) ...
Selecting previously unselected package node-signal-exit.
Preparing to unpack .../273-node-signal-exit_4.1.0-6_all.deb ...
Unpacking node-signal-exit (4.1.0-6) ...
Selecting previously unselected package node-foreground-child.
Preparing to unpack .../274-node-foreground-child_3.1.1-2_all.deb ...
Unpacking node-foreground-child (3.1.1-2) ...
Selecting previously unselected package node-is-stream.
Preparing to unpack .../275-node-is-stream_3.0.0-4_all.deb ...
Unpacking node-is-stream (3.0.0-4) ...
Selecting previously unselected package node-is-windows.
Preparing to unpack .../276-node-is-windows_1.0.2+~cs1.0.0-1_all.deb ...
Unpacking node-is-windows (1.0.2+~cs1.0.0-1) ...
Selecting previously unselected package node-ampproject-remapping.
Preparing to unpack .../277-node-ampproject-remapping_2.2.0+~cs5.15.37-1_all.deb ...
Unpacking node-ampproject-remapping (2.2.0+~cs5.15.37-1) ...
Selecting previously unselected package node-sprintf-js.
Preparing to unpack .../278-node-sprintf-js_1.1.2+ds1+~1.1.2-1_all.deb ...
Unpacking node-sprintf-js (1.1.2+ds1+~1.1.2-1) ...
Selecting previously unselected package node-argparse.
Preparing to unpack .../279-node-argparse_2.0.1-2_all.deb ...
Unpacking node-argparse (2.0.1-2) ...
Selecting previously unselected package node-js-yaml.
Preparing to unpack .../280-node-js-yaml_4.1.0+dfsg+~4.0.5-7_all.deb ...
Unpacking node-js-yaml (4.1.0+dfsg+~4.0.5-7) ...
Selecting previously unselected package node-nopt.
Preparing to unpack .../281-node-nopt_5.0.0-4_all.deb ...
Unpacking node-nopt (5.0.0-4) ...
Selecting previously unselected package node-npm-run-path.
Preparing to unpack .../282-node-npm-run-path_5.1.0+~4.0.0-8_all.deb ...
Unpacking node-npm-run-path (5.1.0+~4.0.0-8) ...
Selecting previously unselected package node-shebang-regex.
Preparing to unpack .../283-node-shebang-regex_3.0.0-2_all.deb ...
Unpacking node-shebang-regex (3.0.0-2) ...
Selecting previously unselected package node-shebang-command.
Preparing to unpack .../284-node-shebang-command_2.0.0-1_all.deb ...
Unpacking node-shebang-command (2.0.0-1) ...
Selecting previously unselected package node-strip-bom.
Preparing to unpack .../285-node-strip-bom_4.0.0-2_all.deb ...
Unpacking node-strip-bom (4.0.0-2) ...
Selecting previously unselected package node-has-flag.
Preparing to unpack .../286-node-has-flag_4.0.0-3_all.deb ...
Unpacking node-has-flag (4.0.0-3) ...
Selecting previously unselected package node-supports-color.
Preparing to unpack .../287-node-supports-color_8.1.1+~8.1.1-1_all.deb ...
Unpacking node-supports-color (8.1.1+~8.1.1-1) ...
Selecting previously unselected package node-util.
Preparing to unpack .../288-node-util_0.12.5+~1.0.10-1_all.deb ...
Unpacking node-util (0.12.5+~1.0.10-1) ...
Selecting previously unselected package node-assert.
Preparing to unpack .../289-node-assert_2.0.0+~cs3.9.8-2_all.deb ...
Unpacking node-assert (2.0.0+~cs3.9.8-2) ...
Selecting previously unselected package node-babel-plugin-add-module-exports.
Preparing to unpack .../290-node-babel-plugin-add-module-exports_1.0.4+dfsg1~cs5.8.0-4_all.deb ...
Unpacking node-babel-plugin-add-module-exports (1.0.4+dfsg1~cs5.8.0-4) ...
Selecting previously unselected package node-regenerator-runtime.
Preparing to unpack .../291-node-regenerator-runtime_0.15.2+~0.10.8-1_all.deb ...
Unpacking node-regenerator-runtime (0.15.2+~0.10.8-1) ...
Selecting previously unselected package node-babel7-runtime.
Preparing to unpack .../292-node-babel7-runtime_7.20.15+ds1+~cs214.269.168-6build1_all.deb ...
Unpacking node-babel7-runtime (7.20.15+ds1+~cs214.269.168-6build1) ...
Selecting previously unselected package node-babel-helper-define-polyfill-provider.
Preparing to unpack .../293-node-babel-helper-define-polyfill-provider_0.3.3~0~20220913+ds1-1_all.deb ...
Unpacking node-babel-helper-define-polyfill-provider (0.3.3~0~20220913+ds1-1) ...
Selecting previously unselected package node-babel-plugin-polyfill-corejs2.
Preparing to unpack .../294-node-babel-plugin-polyfill-corejs2_0.3.3~0~20220913+ds1-1_all.deb ...
Unpacking node-babel-plugin-polyfill-corejs2 (0.3.3~0~20220913+ds1-1) ...
Selecting previously unselected package node-caniuse-lite.
Preparing to unpack .../295-node-caniuse-lite_1.0.30001571+dfsg+~1.0.5-1_all.deb ...
Unpacking node-caniuse-lite (1.0.30001571+dfsg+~1.0.5-1) ...
Selecting previously unselected package node-electron-to-chromium.
Preparing to unpack .../296-node-electron-to-chromium_1.4.616-1_all.deb ...
Unpacking node-electron-to-chromium (1.4.616-1) ...
Selecting previously unselected package node-picocolors.
Preparing to unpack .../297-node-picocolors_1.0.0-4_all.deb ...
Unpacking node-picocolors (1.0.0-4) ...
Selecting previously unselected package node-browserslist.
Preparing to unpack .../298-node-browserslist_4.22.1+~cs6.1.28-1_all.deb ...
Unpacking node-browserslist (4.22.1+~cs6.1.28-1) ...
Selecting previously unselected package node-core-js-compat.
Preparing to unpack .../299-node-core-js-compat_3.33.2-1build2_all.deb ...
Unpacking node-core-js-compat (3.33.2-1build2) ...
Selecting previously unselected package node-babel-plugin-polyfill-corejs3.
Preparing to unpack .../300-node-babel-plugin-polyfill-corejs3_0.6.0~0~20220913+ds1-1_all.deb ...
Unpacking node-babel-plugin-polyfill-corejs3 (0.6.0~0~20220913+ds1-1) ...
Selecting previously unselected package node-babel-plugin-polyfill-regenerator.
Preparing to unpack .../301-node-babel-plugin-polyfill-regenerator_0.4.1~0~20220913+ds1-1_all.deb ...
Unpacking node-babel-plugin-polyfill-regenerator (0.4.1~0~20220913+ds1-1) ...
Selecting previously unselected package node-color-name.
Preparing to unpack .../302-node-color-name_1.1.4+~1.1.1-2_all.deb ...
Unpacking node-color-name (1.1.4+~1.1.1-2) ...
Selecting previously unselected package node-color-convert.
Preparing to unpack .../303-node-color-convert_2.0.1+~cs2.0.0-2_all.deb ...
Unpacking node-color-convert (2.0.1+~cs2.0.0-2) ...
Selecting previously unselected package node-ansi-styles.
Preparing to unpack .../304-node-ansi-styles_6.2.1-2_all.deb ...
Unpacking node-ansi-styles (6.2.1-2) ...
Selecting previously unselected package node-chalk.
Preparing to unpack .../305-node-chalk_5.3.0-1build1_all.deb ...
Unpacking node-chalk (5.3.0-1build1) ...
Selecting previously unselected package node-for-in.
Preparing to unpack .../306-node-for-in_1.0.2-4_all.deb ...
Unpacking node-for-in (1.0.2-4) ...
Selecting previously unselected package node-for-own.
Preparing to unpack .../307-node-for-own_1.0.0-3_all.deb ...
Unpacking node-for-own (1.0.0-3) ...
Selecting previously unselected package node-is-plain-object.
Preparing to unpack .../308-node-is-plain-object_5.0.0-7_all.deb ...
Unpacking node-is-plain-object (5.0.0-7) ...
Selecting previously unselected package node-is-extendable.
Preparing to unpack .../309-node-is-extendable_1.0.1-3_all.deb ...
Unpacking node-is-extendable (1.0.1-3) ...
Selecting previously unselected package node-clone-deep.
Preparing to unpack .../310-node-clone-deep_4.0.1+~cs7.0.2-1_all.deb ...
Unpacking node-clone-deep (4.0.1+~cs7.0.2-1) ...
Selecting previously unselected package node-commander.
Preparing to unpack .../311-node-commander_9.4.1-1_all.deb ...
Unpacking node-commander (9.4.1-1) ...
Selecting previously unselected package node-core-js.
Preparing to unpack .../312-node-core-js_3.33.2-1build2_all.deb ...
Unpacking node-core-js (3.33.2-1build2) ...
Selecting previously unselected package node-core-js-pure.
Preparing to unpack .../313-node-core-js-pure_3.33.2-1build2_all.deb ...
Unpacking node-core-js-pure (3.33.2-1build2) ...
Selecting previously unselected package node-fs-readdir-recursive.
Preparing to unpack .../314-node-fs-readdir-recursive_1.1.0+~1.1.0-1_all.deb ...
Unpacking node-fs-readdir-recursive (1.1.0+~1.1.0-1) ...
Selecting previously unselected package node-js-tokens.
Preparing to unpack .../315-node-js-tokens_8.0.0-2_all.deb ...
Unpacking node-js-tokens (8.0.0-2) ...
Selecting previously unselected package node-jsesc.
Preparing to unpack .../316-node-jsesc_3.0.2+~3.0.1-1_all.deb ...
Unpacking node-jsesc (3.0.2+~3.0.1-1) ...
Selecting previously unselected package node-json5.
Preparing to unpack .../317-node-json5_2.2.3+dfsg-1build1_all.deb ...
Unpacking node-json5 (2.2.3+dfsg-1build1) ...
Selecting previously unselected package node-quick-lru.
Preparing to unpack .../318-node-quick-lru_6.1.1-4_all.deb ...
Unpacking node-quick-lru (6.1.1-4) ...
Selecting previously unselected package node-regenerator-transform.
Preparing to unpack .../319-node-regenerator-transform_0.15.2+~0.10.8-1_all.deb ...
Unpacking node-regenerator-transform (0.15.2+~0.10.8-1) ...
Selecting previously unselected package node-regjsgen.
Preparing to unpack .../320-node-regjsgen_0.7.1+ds-1_all.deb ...
Unpacking node-regjsgen (0.7.1+ds-1) ...
Selecting previously unselected package node-regjsparser.
Preparing to unpack .../321-node-regjsparser_0.9.1+ds-2_all.deb ...
Unpacking node-regjsparser (0.9.1+ds-2) ...
Selecting previously unselected package node-unicode-canonical-property-names-ecmascript.
Preparing to unpack .../322-node-unicode-canonical-property-names-ecmascript_2.0.0-2_all.deb ...
Unpacking node-unicode-canonical-property-names-ecmascript (2.0.0-2) ...
Selecting previously unselected package node-unicode-property-aliases-ecmascript.
Preparing to unpack .../323-node-unicode-property-aliases-ecmascript_2.1.0+ds-1_all.deb ...
Unpacking node-unicode-property-aliases-ecmascript (2.1.0+ds-1) ...
Selecting previously unselected package node-unicode-match-property-ecmascript.
Preparing to unpack .../324-node-unicode-match-property-ecmascript_2.0.0-2_all.deb ...
Unpacking node-unicode-match-property-ecmascript (2.0.0-2) ...
Selecting previously unselected package node-unicode-match-property-value-ecmascript.
Preparing to unpack .../325-node-unicode-match-property-value-ecmascript_2.1.0+ds-1_all.deb ...
Unpacking node-unicode-match-property-value-ecmascript (2.1.0+ds-1) ...
Selecting previously unselected package node-regexpu-core.
Preparing to unpack .../326-node-regexpu-core_5.2.2-3_all.deb ...
Unpacking node-regexpu-core (5.2.2-3) ...
Selecting previously unselected package node-source-map-support.
Preparing to unpack .../327-node-source-map-support_0.5.21+ds+~0.5.4-1_all.deb ...
Unpacking node-source-map-support (0.5.21+ds+~0.5.4-1) ...
Selecting previously unselected package node-to-fast-properties.
Preparing to unpack .../328-node-to-fast-properties_3.0.1-3_all.deb ...
Unpacking node-to-fast-properties (3.0.1-3) ...
Selecting previously unselected package node-v8flags.
Preparing to unpack .../329-node-v8flags_3.2.0+~3.1.1-1_all.deb ...
Unpacking node-v8flags (3.2.0+~3.1.1-1) ...
Selecting previously unselected package node-babel7.
Preparing to unpack .../330-node-babel7_7.20.15+ds1+~cs214.269.168-6build1_all.deb ...
Unpacking node-babel7 (7.20.15+ds1+~cs214.269.168-6build1) ...
Selecting previously unselected package node-is-arrayish.
Preparing to unpack .../331-node-is-arrayish_0.3.2-3_all.deb ...
Unpacking node-is-arrayish (0.3.2-3) ...
Selecting previously unselected package node-error-ex.
Preparing to unpack .../332-node-error-ex_1.3.2-4_all.deb ...
Unpacking node-error-ex (1.3.2-4) ...
Selecting previously unselected package node-json-parse-better-errors.
Preparing to unpack .../333-node-json-parse-better-errors_1.0.2+~cs3.3.1-2_all.deb ...
Unpacking node-json-parse-better-errors (1.0.2+~cs3.3.1-2) ...
Selecting previously unselected package node-parse-json.
Preparing to unpack .../334-node-parse-json_5.2.0+~cs5.1.7-1_all.deb ...
Unpacking node-parse-json (5.2.0+~cs5.1.7-1) ...
Selecting previously unselected package node-hosted-git-info.
Preparing to unpack .../335-node-hosted-git-info_6.1.1-2_all.deb ...
Unpacking node-hosted-git-info (6.1.1-2) ...
Selecting previously unselected package node-spdx-license-ids.
Preparing to unpack .../336-node-spdx-license-ids_3.0.12-1_all.deb ...
Unpacking node-spdx-license-ids (3.0.12-1) ...
Selecting previously unselected package node-spdx-exceptions.
Preparing to unpack .../337-node-spdx-exceptions_2.3.0-2_all.deb ...
Unpacking node-spdx-exceptions (2.3.0-2) ...
Selecting previously unselected package node-spdx-expression-parse.
Preparing to unpack .../338-node-spdx-expression-parse_3.0.1+~3.0.1-1_all.deb ...
Unpacking node-spdx-expression-parse (3.0.1+~3.0.1-1) ...
Selecting previously unselected package node-spdx-correct.
Preparing to unpack .../339-node-spdx-correct_3.1.1-2_all.deb ...
Unpacking node-spdx-correct (3.1.1-2) ...
Selecting previously unselected package node-validate-npm-package-license.
Preparing to unpack .../340-node-validate-npm-package-license_3.0.4-2_all.deb ...
Unpacking node-validate-npm-package-license (3.0.4-2) ...
Selecting previously unselected package node-normalize-package-data.
Preparing to unpack .../341-node-normalize-package-data_4.0.1+~2.4.1-1_all.deb ...
Unpacking node-normalize-package-data (4.0.1+~2.4.1-1) ...
Selecting previously unselected package node-read-pkg.
Preparing to unpack .../342-node-read-pkg_5.2.0-2_all.deb ...
Unpacking node-read-pkg (5.2.0-2) ...
Selecting previously unselected package node-uuid.
Preparing to unpack .../343-node-uuid_8.3.2+~8.3.3-4_all.deb ...
Unpacking node-uuid (8.3.2+~8.3.3-4) ...
Selecting previously unselected package node-isexe.
Preparing to unpack .../344-node-isexe_2.0.0+~2.0.1-5_all.deb ...
Unpacking node-isexe (2.0.0+~2.0.1-5) ...
Selecting previously unselected package node-which.
Preparing to unpack .../345-node-which_2.0.2+~cs1.3.2-3_all.deb ...
Unpacking node-which (2.0.2+~cs1.3.2-3) ...
Selecting previously unselected package node-is-typedarray.
Preparing to unpack .../346-node-is-typedarray_1.0.0-4_all.deb ...
Unpacking node-is-typedarray (1.0.0-4) ...
Selecting previously unselected package node-typedarray-to-buffer.
Preparing to unpack .../347-node-typedarray-to-buffer_4.0.0-2_all.deb ...
Unpacking node-typedarray-to-buffer (4.0.0-2) ...
Selecting previously unselected package node-write-file-atomic.
Preparing to unpack .../348-node-write-file-atomic_4.0.2+~4.0.0-2_all.deb ...
Unpacking node-write-file-atomic (4.0.2+~4.0.0-2) ...
Selecting previously unselected package node-slice-ansi.
Preparing to unpack .../349-node-slice-ansi_5.0.0+~cs9.0.0-5_all.deb ...
Unpacking node-slice-ansi (5.0.0+~cs9.0.0-5) ...
Selecting previously unselected package node-ansi-regex.
Preparing to unpack .../350-node-ansi-regex_5.0.1-1_all.deb ...
Unpacking node-ansi-regex (5.0.1-1) ...
Selecting previously unselected package node-strip-ansi.
Preparing to unpack .../351-node-strip-ansi_6.0.1-2_all.deb ...
Unpacking node-strip-ansi (6.0.1-2) ...
Selecting previously unselected package node-clone.
Preparing to unpack .../352-node-clone_2.1.2+~2.1.2-1_all.deb ...
Unpacking node-clone (2.1.2+~2.1.2-1) ...
Selecting previously unselected package node-defaults.
Preparing to unpack .../353-node-defaults_1.0.4+~1.0.3-1_all.deb ...
Unpacking node-defaults (1.0.4+~1.0.3-1) ...
Selecting previously unselected package node-wcwidth.js.
Preparing to unpack .../354-node-wcwidth.js_1.0.2-2_all.deb ...
Unpacking node-wcwidth.js (1.0.2-2) ...
Selecting previously unselected package node-string-width.
Preparing to unpack .../355-node-string-width_4.2.3+~cs13.2.3-1_all.deb ...
Unpacking node-string-width (4.2.3+~cs13.2.3-1) ...
Selecting previously unselected package node-wrap-ansi.
Preparing to unpack .../356-node-wrap-ansi_8.0.1+~8.0.1-3_all.deb ...
Unpacking node-wrap-ansi (8.0.1+~8.0.1-3) ...
Selecting previously unselected package node-cliui.
Preparing to unpack .../357-node-cliui_7.0.4+repack+~cs3.1.0-4_all.deb ...
Unpacking node-cliui (7.0.4+repack+~cs3.1.0-4) ...
Selecting previously unselected package node-get-caller-file.
Preparing to unpack .../358-node-get-caller-file_2.0.5+~cs1.1.1-4_all.deb ...
Unpacking node-get-caller-file (2.0.5+~cs1.1.1-4) ...
Selecting previously unselected package node-require-directory.
Preparing to unpack .../359-node-require-directory_2.1.1+~2.1.2-1_all.deb ...
Unpacking node-require-directory (2.1.1+~2.1.2-1) ...
Selecting previously unselected package node-y18n.
Preparing to unpack .../360-node-y18n_5.0.8+~5.0.0-3_all.deb ...
Unpacking node-y18n (5.0.8+~5.0.0-3) ...
Selecting previously unselected package node-camelcase.
Preparing to unpack .../361-node-camelcase_7.0.0-3_all.deb ...
Unpacking node-camelcase (7.0.0-3) ...
Selecting previously unselected package node-yargs-parser.
Preparing to unpack .../362-node-yargs-parser_21.1.1+~21.0.0-4_all.deb ...
Unpacking node-yargs-parser (21.1.1+~21.0.0-4) ...
Selecting previously unselected package node-yargs.
Preparing to unpack .../363-node-yargs_16.2.0+~16.0.4-7_all.deb ...
Unpacking node-yargs (16.2.0+~16.0.4-7) ...
Selecting previously unselected package node-istanbul.
Preparing to unpack .../364-node-istanbul_0.4.5+repack10+~cs98.25.59-2_all.deb ...
Unpacking node-istanbul (0.4.5+repack10+~cs98.25.59-2) ...
Selecting previously unselected package node-through.
Preparing to unpack .../365-node-through_2.3.8+~cs0.0.30-1_all.deb ...
Unpacking node-through (2.3.8+~cs0.0.30-1) ...
Selecting previously unselected package node-resumer.
Preparing to unpack .../366-node-resumer_0.0.0-6_all.deb ...
Unpacking node-resumer (0.0.0-6) ...
Selecting previously unselected package node-tape.
Preparing to unpack .../367-node-tape_5.6.1+~cs8.20.19-1_all.deb ...
Unpacking node-tape (5.6.1+~cs8.20.19-1) ...
Selecting previously unselected package node-deep-equal.
Preparing to unpack .../368-node-deep-equal_2.2.3+~cs43.15.94-1_all.deb ...
Unpacking node-deep-equal (2.2.3+~cs43.15.94-1) ...
Selecting previously unselected package libjs-util.
Preparing to unpack .../369-libjs-util_0.12.5+~1.0.10-1_all.deb ...
Unpacking libjs-util (0.12.5+~1.0.10-1) ...
Selecting previously unselected package libnet-http-perl.
Preparing to unpack .../370-libnet-http-perl_6.23-1_all.deb ...
Unpacking libnet-http-perl (6.23-1) ...
Selecting previously unselected package libtry-tiny-perl.
Preparing to unpack .../371-libtry-tiny-perl_0.31-2_all.deb ...
Unpacking libtry-tiny-perl (0.31-2) ...
Selecting previously unselected package libwww-robotrules-perl.
Preparing to unpack .../372-libwww-robotrules-perl_6.02-1_all.deb ...
Unpacking libwww-robotrules-perl (6.02-1) ...
Selecting previously unselected package libwww-perl.
Preparing to unpack .../373-libwww-perl_6.76-1ubuntu0.1_all.deb ...
Unpacking libwww-perl (6.76-1ubuntu0.1) ...
Selecting previously unselected package liblwp-protocol-https-perl.
Preparing to unpack .../374-liblwp-protocol-https-perl_6.13-1_all.deb ...
Unpacking liblwp-protocol-https-perl (6.13-1) ...
Selecting previously unselected package libnet-smtp-ssl-perl.
Preparing to unpack .../375-libnet-smtp-ssl-perl_1.04-2_all.deb ...
Unpacking libnet-smtp-ssl-perl (1.04-2) ...
Selecting previously unselected package libmailtools-perl.
Preparing to unpack .../376-libmailtools-perl_2.21-2_all.deb ...
Unpacking libmailtools-perl (2.21-2) ...
Selecting previously unselected package libxml-parser-perl.
Preparing to unpack .../377-libxml-parser-perl_2.47-1ubuntu0.24.04.1_arm64.deb ...
Unpacking libxml-parser-perl (2.47-1ubuntu0.24.04.1) ...
Selecting previously unselected package libxml-twig-perl.
Preparing to unpack .../378-libxml-twig-perl_1%3a3.52-2_all.deb ...
Unpacking libxml-twig-perl (1:3.52-2) ...
Selecting previously unselected package libnet-dbus-perl.
Preparing to unpack .../379-libnet-dbus-perl_1.2.0-2build3_arm64.deb ...
Unpacking libnet-dbus-perl (1.2.0-2build3) ...
Selecting previously unselected package libssl-dev:arm64.
Preparing to unpack .../380-libssl-dev_3.0.13-0ubuntu3.11_arm64.deb ...
Unpacking libssl-dev:arm64 (3.0.13-0ubuntu3.11) ...
Selecting previously unselected package libuv1-dev:arm64.
Preparing to unpack .../381-libuv1-dev_1.48.0-1.1build1_arm64.deb ...
Unpacking libuv1-dev:arm64 (1.48.0-1.1build1) ...
Selecting previously unselected package libnode-dev.
Preparing to unpack .../382-libnode-dev_18.19.1+dfsg-6ubuntu5_arm64.deb ...
Unpacking libnode-dev (18.19.1+dfsg-6ubuntu5) ...
Selecting previously unselected package libnotify4:arm64.
Preparing to unpack .../383-libnotify4_0.8.3-1build2_arm64.deb ...
Unpacking libnotify4:arm64 (0.8.3-1build2) ...
Selecting previously unselected package libnotify-bin.
Preparing to unpack .../384-libnotify-bin_0.8.3-1build2_arm64.deb ...
Unpacking libnotify-bin (0.8.3-1build2) ...
Selecting previously unselected package libpkgconf3:arm64.
Preparing to unpack .../385-libpkgconf3_1.8.1-2build1_arm64.deb ...
Unpacking libpkgconf3:arm64 (1.8.1-2build1) ...
Selecting previously unselected package zlib1g-dev:arm64.
Preparing to unpack .../386-zlib1g-dev_1%3a1.3.dfsg-3.1ubuntu2.1_arm64.deb ...
Unpacking zlib1g-dev:arm64 (1:1.3.dfsg-3.1ubuntu2.1) ...
Selecting previously unselected package libpython3.12-dev:arm64.
Preparing to unpack .../387-libpython3.12-dev_3.12.3-1ubuntu0.15_arm64.deb ...
Unpacking libpython3.12-dev:arm64 (3.12.3-1ubuntu0.15) ...
Selecting previously unselected package libpython3-dev:arm64.
Preparing to unpack .../388-libpython3-dev_3.12.3-0ubuntu2.1_arm64.deb ...
Unpacking libpython3-dev:arm64 (3.12.3-0ubuntu2.1) ...
Selecting previously unselected package libre2-10:arm64.
Preparing to unpack .../389-libre2-10_20230301-3build1_arm64.deb ...
Unpacking libre2-10:arm64 (20230301-3build1) ...
Selecting previously unselected package libsm6:arm64.
Preparing to unpack .../390-libsm6_2%3a1.2.3-1build3_arm64.deb ...
Unpacking libsm6:arm64 (2:1.2.3-1build3) ...
Selecting previously unselected package libtie-ixhash-perl.
Preparing to unpack .../391-libtie-ixhash-perl_1.23-4_all.deb ...
Unpacking libtie-ixhash-perl (1.23-4) ...
Selecting previously unselected package libx11-protocol-perl.
Preparing to unpack .../392-libx11-protocol-perl_0.56-9_all.deb ...
Unpacking libx11-protocol-perl (0.56-9) ...
Selecting previously unselected package libxt6t64:arm64.
Preparing to unpack .../393-libxt6t64_1%3a1.2.1-1.2build1_arm64.deb ...
Unpacking libxt6t64:arm64 (1:1.2.1-1.2build1) ...
Selecting previously unselected package libxmu6:arm64.
Preparing to unpack .../394-libxmu6_2%3a1.1.3-3build2_arm64.deb ...
Unpacking libxmu6:arm64 (2:1.1.3-3build2) ...
Selecting previously unselected package libxaw7:arm64.
Preparing to unpack .../395-libxaw7_2%3a1.0.14-1build2_arm64.deb ...
Unpacking libxaw7:arm64 (2:1.0.14-1build2) ...
Selecting previously unselected package libxcb-shape0:arm64.
Preparing to unpack .../396-libxcb-shape0_1.15-1ubuntu2_arm64.deb ...
Unpacking libxcb-shape0:arm64 (1.15-1ubuntu2) ...
Selecting previously unselected package libxcomposite1:arm64.
Preparing to unpack .../397-libxcomposite1_1%3a0.4.5-1build3_arm64.deb ...
Unpacking libxcomposite1:arm64 (1:0.4.5-1build3) ...
Selecting previously unselected package libxfixes3:arm64.
Preparing to unpack .../398-libxfixes3_1%3a6.0.0-2build1_arm64.deb ...
Unpacking libxfixes3:arm64 (1:6.0.0-2build1) ...
Selecting previously unselected package libxrender1:arm64.
Preparing to unpack .../399-libxrender1_1%3a0.9.10-1.1build1_arm64.deb ...
Unpacking libxrender1:arm64 (1:0.9.10-1.1build1) ...
Selecting previously unselected package libxcursor1:arm64.
Preparing to unpack .../400-libxcursor1_1%3a1.2.1-1build1_arm64.deb ...
Unpacking libxcursor1:arm64 (1:1.2.1-1build1) ...
Selecting previously unselected package libxft2:arm64.
Preparing to unpack .../401-libxft2_2.3.6-1build1_arm64.deb ...
Unpacking libxft2:arm64 (2.3.6-1build1) ...
Selecting previously unselected package libxi6:arm64.
Preparing to unpack .../402-libxi6_2%3a1.8.1-1build1_arm64.deb ...
Unpacking libxi6:arm64 (2:1.8.1-1build1) ...
Selecting previously unselected package libxinerama1:arm64.
Preparing to unpack .../403-libxinerama1_2%3a1.1.4-3build1_arm64.deb ...
Unpacking libxinerama1:arm64 (2:1.1.4-3build1) ...
Selecting previously unselected package libxkbfile1:arm64.
Preparing to unpack .../404-libxkbfile1_1%3a1.1.0-1build4_arm64.deb ...
Unpacking libxkbfile1:arm64 (1:1.1.0-1build4) ...
Selecting previously unselected package libxml-xpathengine-perl.
Preparing to unpack .../405-libxml-xpathengine-perl_0.14-2_all.deb ...
Unpacking libxml-xpathengine-perl (0.14-2) ...
Selecting previously unselected package libxrandr2:arm64.
Preparing to unpack .../406-libxrandr2_2%3a1.5.2-2build1_arm64.deb ...
Unpacking libxrandr2:arm64 (2:1.5.2-2build1) ...
Selecting previously unselected package libxtst6:arm64.
Preparing to unpack .../407-libxtst6_2%3a1.2.3-1.1build1_arm64.deb ...
Unpacking libxtst6:arm64 (2:1.2.3-1.1build1) ...
Selecting previously unselected package libxv1:arm64.
Preparing to unpack .../408-libxv1_2%3a1.0.11-1.1build1_arm64.deb ...
Unpacking libxv1:arm64 (2:1.0.11-1.1build1) ...
Selecting previously unselected package libxxf86dga1:arm64.
Preparing to unpack .../409-libxxf86dga1_2%3a1.1.5-1build1_arm64.deb ...
Unpacking libxxf86dga1:arm64 (2:1.1.5-1build1) ...
Preparing to unpack .../410-linux-tools-common_6.8.0-136.136_all.deb ...
Unpacking linux-tools-common (6.8.0-136.136) over (6.8.0-134.134) ...
Selecting previously unselected package manpages-dev.
Preparing to unpack .../411-manpages-dev_6.7-2_all.deb ...
Unpacking manpages-dev (6.7-2) ...
Selecting previously unselected package mesa-vulkan-drivers:arm64.
Preparing to unpack .../412-mesa-vulkan-drivers_25.2.8-0ubuntu0.24.04.2_arm64.deb ...
Unpacking mesa-vulkan-drivers:arm64 (25.2.8-0ubuntu0.24.04.2) ...
Selecting previously unselected package node-agent-base.
Preparing to unpack .../413-node-agent-base_7.1.0~0~2023071921-5_all.deb ...
Unpacking node-agent-base (7.1.0~0~2023071921-5) ...
Selecting previously unselected package node-ajv-keywords.
Preparing to unpack .../414-node-ajv-keywords_5.1.0-4_all.deb ...
Unpacking node-ajv-keywords (5.1.0-4) ...
Selecting previously unselected package node-ansi-escapes.
Preparing to unpack .../415-node-ansi-escapes_5.0.0+really.4.3.1-1_all.deb ...
Unpacking node-ansi-escapes (5.0.0+really.4.3.1-1) ...
Selecting previously unselected package node-aproba.
Preparing to unpack .../416-node-aproba_2.0.0-3_all.deb ...
Unpacking node-aproba (2.0.0-3) ...
Selecting previously unselected package node-delegates.
Preparing to unpack .../417-node-delegates_1.0.0-3_all.deb ...
Unpacking node-delegates (1.0.0-3) ...
Selecting previously unselected package node-are-we-there-yet.
Preparing to unpack .../418-node-are-we-there-yet_3.0.1+~1.1.0-1_all.deb ...
Unpacking node-are-we-there-yet (3.0.1+~1.1.0-1) ...
Selecting previously unselected package node-async-each.
Preparing to unpack .../419-node-async-each_1.0.3-3_all.deb ...
Unpacking node-async-each (1.0.3-3) ...
Selecting previously unselected package node-auto-bind.
Preparing to unpack .../420-node-auto-bind_4.0.0-2_all.deb ...
Unpacking node-auto-bind (4.0.0-2) ...
Selecting previously unselected package node-babel-plugin-lodash.
Preparing to unpack .../421-node-babel-plugin-lodash_3.3.4+~cs2.0.1-7_all.deb ...
Unpacking node-babel-plugin-lodash (3.3.4+~cs2.0.1-7) ...
Selecting previously unselected package node-object-visit.
Preparing to unpack .../422-node-object-visit_1.0.1-5_all.deb ...
Unpacking node-object-visit (1.0.1-5) ...
Selecting previously unselected package node-map-visit.
Preparing to unpack .../423-node-map-visit_1.0.0-4_all.deb ...
Unpacking node-map-visit (1.0.0-4) ...
Selecting previously unselected package node-collection-visit.
Preparing to unpack .../424-node-collection-visit_1.0.0-4_all.deb ...
Unpacking node-collection-visit (1.0.0-4) ...
Selecting previously unselected package node-get-value.
Preparing to unpack .../425-node-get-value_1%3a3.0.1-4_all.deb ...
Unpacking node-get-value (1:3.0.1-4) ...
Selecting previously unselected package node-sellside-emitter.
Preparing to unpack .../426-node-sellside-emitter_1.2.1-3_all.deb ...
Unpacking node-sellside-emitter (1.2.1-3) ...
Selecting previously unselected package node-is-primitive.
Preparing to unpack .../427-node-is-primitive_3.0.1-3_all.deb ...
Unpacking node-is-primitive (3.0.1-3) ...
Selecting previously unselected package node-set-value.
Preparing to unpack .../428-node-set-value_4.1.0+~4.0.1-2_all.deb ...
Unpacking node-set-value (4.1.0+~4.0.1-2) ...
Selecting previously unselected package node-union-value.
Preparing to unpack .../429-node-union-value_2.0.1-4_all.deb ...
Unpacking node-union-value (2.0.1-4) ...
Selecting previously unselected package node-has-values.
Preparing to unpack .../430-node-has-values_2.0.1-4_all.deb ...
Unpacking node-has-values (2.0.1-4) ...
Selecting previously unselected package node-has-value.
Preparing to unpack .../431-node-has-value_2.0.2-4_all.deb ...
Unpacking node-has-value (2.0.2-4) ...
Selecting previously unselected package node-unset-value.
Preparing to unpack .../432-node-unset-value_2.0.1-1_all.deb ...
Unpacking node-unset-value (2.0.1-1) ...
Selecting previously unselected package node-cache-base.
Preparing to unpack .../433-node-cache-base_4.0.2-1_all.deb ...
Unpacking node-cache-base (4.0.2-1) ...
Selecting previously unselected package node-mixin-deep.
Preparing to unpack .../434-node-mixin-deep_2.0.1-3_all.deb ...
Unpacking node-mixin-deep (2.0.1-3) ...
Selecting previously unselected package node-pascalcase.
Preparing to unpack .../435-node-pascalcase_1.0.0-1_all.deb ...
Unpacking node-pascalcase (1.0.0-1) ...
Selecting previously unselected package node-base.
Preparing to unpack .../436-node-base_3.0.0-3_all.deb ...
Unpacking node-base (3.0.0-3) ...
Selecting previously unselected package node-base64-js.
Preparing to unpack .../437-node-base64-js_1.5.1+dfsg+~1.3.0-2_all.deb ...
Unpacking node-base64-js (1.5.1+dfsg+~1.3.0-2) ...
Selecting previously unselected package node-binary-extensions.
Preparing to unpack .../438-node-binary-extensions_2.2.0-2_all.deb ...
Unpacking node-binary-extensions (2.2.0-2) ...
Selecting previously unselected package node-builtins.
Preparing to unpack .../439-node-builtins_5.0.1-1_all.deb ...
Unpacking node-builtins (5.0.1-1) ...
Selecting previously unselected package node-chownr.
Preparing to unpack .../440-node-chownr_2.0.0-2_all.deb ...
Unpacking node-chownr (2.0.0-2) ...
Selecting previously unselected package node-iconv-lite.
Preparing to unpack .../441-node-iconv-lite_0.6.3-3_all.deb ...
Unpacking node-iconv-lite (0.6.3-3) ...
Selecting previously unselected package node-encoding.
Preparing to unpack .../442-node-encoding_0.1.13-2_all.deb ...
Unpacking node-encoding (0.1.13-2) ...
Selecting previously unselected package node-jsonparse.
Preparing to unpack .../443-node-jsonparse_1.3.1-10_all.deb ...
Unpacking node-jsonparse (1.3.1-10) ...
Selecting previously unselected package node-minipass.
Preparing to unpack .../444-node-minipass_3.3.6+~cs9.4.19-1_all.deb ...
Unpacking node-minipass (3.3.6+~cs9.4.19-1) ...
Selecting previously unselected package node-iferr.
Preparing to unpack .../445-node-iferr_1.0.2+~1.0.2-1_all.deb ...
Unpacking node-iferr (1.0.2+~1.0.2-1) ...
Selecting previously unselected package node-fs-write-stream-atomic.
Preparing to unpack .../446-node-fs-write-stream-atomic_1.0.10-6_all.deb ...
Unpacking node-fs-write-stream-atomic (1.0.10-6) ...
Selecting previously unselected package node-run-queue.
Preparing to unpack .../447-node-run-queue_2.0.0-3_all.deb ...
Unpacking node-run-queue (2.0.0-3) ...
Selecting previously unselected package node-copy-concurrently.
Preparing to unpack .../448-node-copy-concurrently_1.0.5-9_all.deb ...
Unpacking node-copy-concurrently (1.0.5-9) ...
Selecting previously unselected package node-move-concurrently.
Preparing to unpack .../449-node-move-concurrently_1.0.1-5_all.deb ...
Unpacking node-move-concurrently (1.0.1-5) ...
Selecting previously unselected package node-promise-inflight.
Preparing to unpack .../450-node-promise-inflight_1.0.1+~1.0.0-1_all.deb ...
Unpacking node-promise-inflight (1.0.1+~1.0.0-1) ...
Selecting previously unselected package node-ssri.
Preparing to unpack .../451-node-ssri_9.0.1-2_all.deb ...
Unpacking node-ssri (9.0.1-2) ...
Selecting previously unselected package node-unique-filename.
Preparing to unpack .../452-node-unique-filename_1.1.1+ds-2_all.deb ...
Unpacking node-unique-filename (1.1.1+ds-2) ...
Selecting previously unselected package node-cacache.
Preparing to unpack .../453-node-cacache_17.0.3+~cs10.3.7-1_all.deb ...
Unpacking node-cacache (17.0.3+~cs10.3.7-1) ...
Selecting previously unselected package node-is-binary-path.
Preparing to unpack .../454-node-is-binary-path_2.1.0-5_all.deb ...
Unpacking node-is-binary-path (2.1.0-5) ...
Selecting previously unselected package node-path-is-absolute.
Preparing to unpack .../455-node-path-is-absolute_2.0.0-2_all.deb ...
Unpacking node-path-is-absolute (2.0.0-2) ...
Selecting previously unselected package node-set-immediate-shim.
Preparing to unpack .../456-node-set-immediate-shim_2.0.0-2_all.deb ...
Unpacking node-set-immediate-shim (2.0.0-2) ...
Selecting previously unselected package node-readdirp.
Preparing to unpack .../457-node-readdirp_3.6.0-1_all.deb ...
Unpacking node-readdirp (3.6.0-1) ...
Selecting previously unselected package node-chokidar.
Preparing to unpack .../458-node-chokidar_3.6.0-2_all.deb ...
Unpacking node-chokidar (3.6.0-2) ...
Selecting previously unselected package node-tslib.
Preparing to unpack .../459-node-tslib_2.4.1-1_all.deb ...
Unpacking node-tslib (2.4.1-1) ...
Selecting previously unselected package node-chrome-trace-event.
Preparing to unpack .../460-node-chrome-trace-event_1.0.3-2_all.deb ...
Unpacking node-chrome-trace-event (1.0.3-2) ...
Selecting previously unselected package node-ci-info.
Preparing to unpack .../461-node-ci-info_4.0.0+~cs1.1.0-1build2_all.deb ...
Unpacking node-ci-info (4.0.0+~cs1.1.0-1build2) ...
Selecting previously unselected package node-cli-boxes.
Preparing to unpack .../462-node-cli-boxes_3.0.0-1build2_all.deb ...
Unpacking node-cli-boxes (3.0.0-1build2) ...
Selecting previously unselected package node-restore-cursor.
Preparing to unpack .../463-node-restore-cursor_4.0.0-4_all.deb ...
Unpacking node-restore-cursor (4.0.0-4) ...
Selecting previously unselected package node-cli-cursor.
Preparing to unpack .../464-node-cli-cursor_4.0.0-3_all.deb ...
Unpacking node-cli-cursor (4.0.0-3) ...
Selecting previously unselected package node-cli-truncate.
Preparing to unpack .../465-node-cli-truncate_2.1.0-5_all.deb ...
Unpacking node-cli-truncate (2.1.0-5) ...
Selecting previously unselected package node-colors.
Preparing to unpack .../466-node-colors_1.4.0-4_all.deb ...
Unpacking node-colors (1.4.0-4) ...
Selecting previously unselected package node-columnify.
Preparing to unpack .../467-node-columnify_1.6.0+~1.5.1-1_all.deb ...
Unpacking node-columnify (1.6.0+~1.5.1-1) ...
Selecting previously unselected package node-console-control-strings.
Preparing to unpack .../468-node-console-control-strings_1.1.0-3_all.deb ...
Unpacking node-console-control-strings (1.1.0-3) ...
Selecting previously unselected package node-growl.
Preparing to unpack .../469-node-growl_1.10.5-4_all.deb ...
Unpacking node-growl (1.10.5-4) ...
Selecting previously unselected package node-lcov-parse.
Preparing to unpack .../470-node-lcov-parse_1.0.0+20170612git80d039574ed9-6_all.deb ...
Unpacking node-lcov-parse (1.0.0+20170612git80d039574ed9-6) ...
Selecting previously unselected package node-log-driver.
Preparing to unpack .../471-node-log-driver_1.2.7+git+20180219+bba1761737-7_all.deb ...
Unpacking node-log-driver (1.2.7+git+20180219+bba1761737-7) ...
Selecting previously unselected package node-data-uri-to-buffer.
Preparing to unpack .../472-node-data-uri-to-buffer_5.0.1~0~2023071921-5_all.deb ...
Unpacking node-data-uri-to-buffer (5.0.1~0~2023071921-5) ...
Selecting previously unselected package node-fetch.
Preparing to unpack .../473-node-fetch_3.3.2+~cs11.4.11-1_all.deb ...
Unpacking node-fetch (3.3.2+~cs11.4.11-1) ...
Selecting previously unselected package node-coveralls.
Preparing to unpack .../474-node-coveralls_3.1.1-2build1_all.deb ...
Unpacking node-coveralls (3.1.1-2build1) ...
Selecting previously unselected package node-css-selector-tokenizer.
Preparing to unpack .../475-node-css-selector-tokenizer_0.8.0+~cs4.8.3-1_all.deb ...
Unpacking node-css-selector-tokenizer (0.8.0+~cs4.8.3-1) ...
Selecting previously unselected package node-postcss.
Preparing to unpack .../476-node-postcss_8.4.31+~cs8.0.26-1_all.deb ...
Unpacking node-postcss (8.4.31+~cs8.0.26-1) ...
Selecting previously unselected package node-icss-utils.
Preparing to unpack .../477-node-icss-utils_5.1.0+~5.1.0-1_all.deb ...
Unpacking node-icss-utils (5.1.0+~5.1.0-1) ...
Selecting previously unselected package node-postcss-modules-extract-imports.
Preparing to unpack .../478-node-postcss-modules-extract-imports_3.0.0-2_all.deb ...
Unpacking node-postcss-modules-extract-imports (3.0.0-2) ...
Selecting previously unselected package node-postcss-modules-values.
Preparing to unpack .../479-node-postcss-modules-values_4.0.0+~4.0.0-1_all.deb ...
Unpacking node-postcss-modules-values (4.0.0+~4.0.0-1) ...
Selecting previously unselected package node-postcss-value-parser.
Preparing to unpack .../480-node-postcss-value-parser_4.2.0-1_all.deb ...
Unpacking node-postcss-value-parser (4.2.0-1) ...
Selecting previously unselected package node-prr.
Preparing to unpack .../481-node-prr_1.0.1-3_all.deb ...
Unpacking node-prr (1.0.1-3) ...
Selecting previously unselected package node-errno.
Preparing to unpack .../482-node-errno_1.0.0-3_all.deb ...
Unpacking node-errno (1.0.0-3) ...
Selecting previously unselected package node-memory-fs.
Preparing to unpack .../483-node-memory-fs_0.5.0+~0.3.3-2_all.deb ...
Unpacking node-memory-fs (0.5.0+~0.3.3-2) ...
Selecting previously unselected package node-tapable.
Preparing to unpack .../484-node-tapable_2.2.1-3_all.deb ...
Unpacking node-tapable (2.2.1-3) ...
Selecting previously unselected package node-enhanced-resolve.
Preparing to unpack .../485-node-enhanced-resolve_5.15.0-1_all.deb ...
Unpacking node-enhanced-resolve (5.15.0-1) ...
Selecting previously unselected package node-es-module-lexer.
Preparing to unpack .../486-node-es-module-lexer_1.1.0+dfsg-3_all.deb ...
Unpacking node-es-module-lexer (1.1.0+dfsg-3) ...
Selecting previously unselected package node-events.
Preparing to unpack .../487-node-events_3.3.0+~3.0.0-3_all.deb ...
Unpacking node-events (3.3.0+~3.0.0-3) ...
Selecting previously unselected package node-resolve-cwd.
Preparing to unpack .../488-node-resolve-cwd_3.0.0-2_all.deb ...
Unpacking node-resolve-cwd (3.0.0-2) ...
Selecting previously unselected package node-jest-debbundle.
Preparing to unpack .../489-node-jest-debbundle_29.6.2~ds1+~cs73.45.28-5_all.deb ...
Unpacking node-jest-debbundle (29.6.2~ds1+~cs73.45.28-5) ...
Selecting previously unselected package node-interpret.
Preparing to unpack .../490-node-interpret_2.2.0-3_all.deb ...
Unpacking node-interpret (2.2.0-3) ...
Selecting previously unselected package node-merge-stream.
Preparing to unpack .../491-node-merge-stream_2.0.0+~1.1.2-2_all.deb ...
Unpacking node-merge-stream (2.0.0+~1.1.2-2) ...
Selecting previously unselected package node-jest-worker.
Preparing to unpack .../492-node-jest-worker_29.6.2~ds1+~cs73.45.28-5_all.deb ...
Unpacking node-jest-worker (29.6.2~ds1+~cs73.45.28-5) ...
Selecting previously unselected package node-loader-runner.
Preparing to unpack .../493-node-loader-runner_4.3.0-1_all.deb ...
Unpacking node-loader-runner (4.3.0-1) ...
Selecting previously unselected package node-mime.
Preparing to unpack .../494-node-mime_3.0.0+dfsg+~cs6.97.2-1_all.deb ...
Unpacking node-mime (3.0.0+dfsg+~cs6.97.2-1) ...
Selecting previously unselected package node-mime-types.
Preparing to unpack .../495-node-mime-types_2.1.35-2_all.deb ...
Unpacking node-mime-types (2.1.35-2) ...
Selecting previously unselected package node-rechoir.
Preparing to unpack .../496-node-rechoir_0.8.0+~0.6.1-2_all.deb ...
Unpacking node-rechoir (0.8.0+~0.6.1-2) ...
Selecting previously unselected package node-schema-utils.
Preparing to unpack .../497-node-schema-utils_4.2.0~ds-3build3_all.deb ...
Unpacking node-schema-utils (4.2.0~ds-3build3) ...
Selecting previously unselected package node-randombytes.
Preparing to unpack .../498-node-randombytes_2.1.0+~2.0.0-2_all.deb ...
Unpacking node-randombytes (2.1.0+~2.0.0-2) ...
Selecting previously unselected package node-serialize-javascript.
Preparing to unpack .../499-node-serialize-javascript_6.0.1-1_all.deb ...
Unpacking node-serialize-javascript (6.0.1-1) ...
Selecting previously unselected package node-watchpack.
Preparing to unpack .../500-node-watchpack_2.4.0+~cs2.8.1-1_all.deb ...
Unpacking node-watchpack (2.4.0+~cs2.8.1-1) ...
Selecting previously unselected package node-webassemblyjs.
Preparing to unpack .../501-node-webassemblyjs_1.11.4+dfsg+~cs10.11.17-2_all.deb ...
Unpacking node-webassemblyjs (1.11.4+dfsg+~cs10.11.17-2) ...
Selecting previously unselected package node-source-list-map.
Preparing to unpack .../502-node-source-list-map_2.0.1+dfsg+~0.1.2-1_all.deb ...
Unpacking node-source-list-map (2.0.1+dfsg+~0.1.2-1) ...
Selecting previously unselected package node-webpack-sources.
Preparing to unpack .../503-node-webpack-sources_3.2.3+~3.2.0-2_all.deb ...
Unpacking node-webpack-sources (3.2.3+~3.2.0-2) ...
Selecting previously unselected package node-terser.
Preparing to unpack .../504-node-terser_5.19.2-1_all.deb ...
Unpacking node-terser (5.19.2-1) ...
Selecting previously unselected package terser.
Preparing to unpack .../505-terser_5.19.2-1_all.deb ...
Unpacking terser (5.19.2-1) ...
Selecting previously unselected package webpack.
Preparing to unpack .../506-webpack_5.76.1+dfsg1+~cs17.16.16-1_all.deb ...
Unpacking webpack (5.76.1+dfsg1+~cs17.16.16-1) ...
Selecting previously unselected package node-css-loader.
Preparing to unpack .../507-node-css-loader_6.8.1+~cs14.0.17-1_all.deb ...
Unpacking node-css-loader (6.8.1+~cs14.0.17-1) ...
Selecting previously unselected package node-mimic-response.
Preparing to unpack .../508-node-mimic-response_3.1.0-8_all.deb ...
Unpacking node-mimic-response (3.1.0-8) ...
Selecting previously unselected package node-decompress-response.
Preparing to unpack .../509-node-decompress-response_6.0.0-2_all.deb ...
Unpacking node-decompress-response (6.0.0-2) ...
Selecting previously unselected package node-diff.
Preparing to unpack .../510-node-diff_5.0.0~dfsg+~5.0.1-4_all.deb ...
Unpacking node-diff (5.0.0~dfsg+~5.0.1-4) ...
Selecting previously unselected package node-err-code.
Preparing to unpack .../511-node-err-code_2.0.3+dfsg-3_all.deb ...
Unpacking node-err-code (2.0.3+dfsg-3) ...
Selecting previously unselected package node-time-stamp.
Preparing to unpack .../512-node-time-stamp_2.2.0-2_all.deb ...
Unpacking node-time-stamp (2.2.0-2) ...
Selecting previously unselected package node-fancy-log.
Preparing to unpack .../513-node-fancy-log_1.3.3+~cs1.3.1-2_all.deb ...
Unpacking node-fancy-log (1.3.3+~cs1.3.1-2) ...
Selecting previously unselected package node-has-unicode.
Preparing to unpack .../514-node-has-unicode_2.0.1-5_all.deb ...
Unpacking node-has-unicode (2.0.1-5) ...
Selecting previously unselected package node-wide-align.
Preparing to unpack .../515-node-wide-align_1.1.3-4_all.deb ...
Unpacking node-wide-align (1.1.3-4) ...
Selecting previously unselected package node-gauge.
Preparing to unpack .../516-node-gauge_4.0.4-2_all.deb ...
Unpacking node-gauge (4.0.4-2) ...
Selecting previously unselected package node-end-of-stream.
Preparing to unpack .../517-node-end-of-stream_1.4.4+~1.4.1-1_all.deb ...
Unpacking node-end-of-stream (1.4.4+~1.4.1-1) ...
Selecting previously unselected package node-pump.
Preparing to unpack .../518-node-pump_3.0.0-5_all.deb ...
Unpacking node-pump (3.0.0-5) ...
Selecting previously unselected package node-get-stream.
Preparing to unpack .../519-node-get-stream_6.0.1-1_all.deb ...
Unpacking node-get-stream (6.0.1-1) ...
Selecting previously unselected package node-lowercase-keys.
Preparing to unpack .../520-node-lowercase-keys_2.0.0-2_all.deb ...
Unpacking node-lowercase-keys (2.0.0-2) ...
Selecting previously unselected package node-json-buffer.
Preparing to unpack .../521-node-json-buffer_3.0.1+~3.0.0-1_all.deb ...
Unpacking node-json-buffer (3.0.1+~3.0.0-1) ...
Selecting previously unselected package node-p-cancelable.
Preparing to unpack .../522-node-p-cancelable_2.1.1-1_all.deb ...
Unpacking node-p-cancelable (2.1.1-1) ...
Selecting previously unselected package node-got.
Preparing to unpack .../523-node-got_11.8.5+~cs58.13.36-3_all.deb ...
Unpacking node-got (11.8.5+~cs58.13.36-3) ...
Selecting previously unselected package node-http-proxy-agent.
Preparing to unpack .../524-node-http-proxy-agent_7.0.0~0~2023071921-5_all.deb ...
Unpacking node-http-proxy-agent (7.0.0~0~2023071921-5) ...
Selecting previously unselected package node-https-proxy-agent.
Preparing to unpack .../525-node-https-proxy-agent_7.0.1~0~2023071921-5_all.deb ...
Unpacking node-https-proxy-agent (7.0.1~0~2023071921-5) ...
Selecting previously unselected package node-ieee754.
Preparing to unpack .../526-node-ieee754_1.2.1-3_all.deb ...
Unpacking node-ieee754 (1.2.1-3) ...
Selecting previously unselected package node-ip.
Preparing to unpack .../527-node-ip_2.0.0+~1.1.0-1ubuntu1_all.deb ...
Unpacking node-ip (2.0.0+~1.1.0-1ubuntu1) ...
Selecting previously unselected package node-ip-regex.
Preparing to unpack .../528-node-ip-regex_4.3.0+~4.1.1-1_all.deb ...
Unpacking node-ip-regex (4.3.0+~4.1.1-1) ...
Selecting previously unselected package node-read-package-json.
Preparing to unpack .../529-node-read-package-json_5.0.2+~2.0.0-1_all.deb ...
Unpacking node-read-package-json (5.0.2+~2.0.0-1) ...
Selecting previously unselected package node-npm-bundled.
Preparing to unpack .../530-node-npm-bundled_2.0.1-2_all.deb ...
Unpacking node-npm-bundled (2.0.1-2) ...
Selecting previously unselected package node-osenv.
Preparing to unpack .../531-node-osenv_0.1.5+~0.1.1-1_all.deb ...
Unpacking node-osenv (0.1.5+~0.1.1-1) ...
Selecting previously unselected package node-validate-npm-package-name.
Preparing to unpack .../532-node-validate-npm-package-name_5.0.0+~4.0.0-1_all.deb ...
Unpacking node-validate-npm-package-name (5.0.0+~4.0.0-1) ...
Selecting previously unselected package node-npm-package-arg.
Preparing to unpack .../533-node-npm-package-arg_10.0.0+~3.0.0-2_all.deb ...
Unpacking node-npm-package-arg (10.0.0+~3.0.0-2) ...
Selecting previously unselected package xdg-utils.
Preparing to unpack .../534-xdg-utils_1.1.3-4.1ubuntu3_all.deb ...
Unpacking xdg-utils (1.1.3-4.1ubuntu3) ...
Selecting previously unselected package node-opener.
Preparing to unpack .../535-node-opener_1.5.2+~1.4.0-1_all.deb ...
Unpacking node-opener (1.5.2+~1.4.0-1) ...
Selecting previously unselected package node-retry.
Preparing to unpack .../536-node-retry_0.13.1+~0.12.1-1_all.deb ...
Unpacking node-retry (0.13.1+~0.12.1-1) ...
Selecting previously unselected package node-promise-retry.
Preparing to unpack .../537-node-promise-retry_2.0.1-4_all.deb ...
Unpacking node-promise-retry (2.0.1-4) ...
Selecting previously unselected package node-mute-stream.
Preparing to unpack .../538-node-mute-stream_0.0.8+~0.0.1-3_all.deb ...
Unpacking node-mute-stream (0.0.8+~0.0.1-3) ...
Selecting previously unselected package node-read.
Preparing to unpack .../539-node-read_1.0.7-5_all.deb ...
Unpacking node-read (1.0.7-5) ...
Selecting previously unselected package node-promzard.
Preparing to unpack .../540-node-promzard_0.3.0-2_all.deb ...
Unpacking node-promzard (0.3.0-2) ...
Selecting previously unselected package node-re2:arm64.
Preparing to unpack .../541-node-re2_1.20.10+~cs2.13.13-1_arm64.deb ...
Unpacking node-re2:arm64 (1.20.10+~cs2.13.13-1) ...
Selecting previously unselected package node-require-from-string.
Preparing to unpack .../542-node-require-from-string_2.0.2+~1.2.1-1_all.deb ...
Unpacking node-require-from-string (2.0.2+~1.2.1-1) ...
Selecting previously unselected package node-set-blocking.
Preparing to unpack .../543-node-set-blocking_2.0.0-2_all.deb ...
Unpacking node-set-blocking (2.0.0-2) ...
Selecting previously unselected package node-shell-quote.
Preparing to unpack .../544-node-shell-quote_1.7.4+~1.7.1-1ubuntu0.24.04.1_all.deb ...
Unpacking node-shell-quote (1.7.4+~1.7.1-1ubuntu0.24.04.1) ...
Selecting previously unselected package node-stack-utils.
Preparing to unpack .../545-node-stack-utils_2.0.6+~2.0.1-1_all.deb ...
Unpacking node-stack-utils (2.0.6+~2.0.1-1) ...
Selecting previously unselected package node-yaml.
Preparing to unpack .../546-node-yaml_2.3.4-1build1_all.deb ...
Unpacking node-yaml (2.3.4-1build1) ...
Selecting previously unselected package node-tap-parser.
Preparing to unpack .../547-node-tap-parser_11.0.2+~cs2.1.4-1_all.deb ...
Unpacking node-tap-parser (11.0.2+~cs2.1.4-1) ...
Selecting previously unselected package node-tap-mocha-reporter.
Preparing to unpack .../548-node-tap-mocha-reporter_5.0.3+~2.0.2-2_all.deb ...
Unpacking node-tap-mocha-reporter (5.0.3+~2.0.2-2) ...
Selecting previously unselected package node-text-table.
Preparing to unpack .../549-node-text-table_0.2.0-4_all.deb ...
Unpacking node-text-table (0.2.0-4) ...
Selecting previously unselected package node-widest-line.
Preparing to unpack .../550-node-widest-line_3.1.0-2_all.deb ...
Unpacking node-widest-line (3.1.0-2) ...
Selecting previously unselected package nodejs-doc.
Preparing to unpack .../551-nodejs-doc_18.19.1+dfsg-6ubuntu5_all.deb ...
Unpacking nodejs-doc (18.19.1+dfsg-6ubuntu5) ...
Selecting previously unselected package pkgconf-bin.
Preparing to unpack .../552-pkgconf-bin_1.8.1-2build1_arm64.deb ...
Unpacking pkgconf-bin (1.8.1-2build1) ...
Selecting previously unselected package pkgconf:arm64.
Preparing to unpack .../553-pkgconf_1.8.1-2build1_arm64.deb ...
Unpacking pkgconf:arm64 (1.8.1-2build1) ...
Selecting previously unselected package pkg-config:arm64.
Preparing to unpack .../554-pkg-config_1.8.1-2build1_arm64.deb ...
Unpacking pkg-config:arm64 (1.8.1-2build1) ...
Selecting previously unselected package python3.12-dev.
Preparing to unpack .../555-python3.12-dev_3.12.3-1ubuntu0.15_arm64.deb ...
Unpacking python3.12-dev (3.12.3-1ubuntu0.15) ...
Selecting previously unselected package python3-dev.
Preparing to unpack .../556-python3-dev_3.12.3-0ubuntu2.1_arm64.deb ...
Unpacking python3-dev (3.12.3-0ubuntu2.1) ...
Selecting previously unselected package python3-wheel.
Preparing to unpack .../557-python3-wheel_0.42.0-2_all.deb ...
Unpacking python3-wheel (0.42.0-2) ...
Selecting previously unselected package python3-pip.
Preparing to unpack .../558-python3-pip_24.0+dfsg-1ubuntu1.3_all.deb ...
Unpacking python3-pip (24.0+dfsg-1ubuntu1.3) ...
Selecting previously unselected package python3-pip-whl.
Preparing to unpack .../559-python3-pip-whl_24.0+dfsg-1ubuntu1.3_all.deb ...
Unpacking python3-pip-whl (24.0+dfsg-1ubuntu1.3) ...
Selecting previously unselected package python3-setuptools-whl.
Preparing to unpack .../560-python3-setuptools-whl_68.1.2-2ubuntu1.2_all.deb ...
Unpacking python3-setuptools-whl (68.1.2-2ubuntu1.2) ...
Selecting previously unselected package python3.12-venv.
Preparing to unpack .../561-python3.12-venv_3.12.3-1ubuntu0.15_arm64.deb ...
Unpacking python3.12-venv (3.12.3-1ubuntu0.15) ...
Selecting previously unselected package python3-venv.
Preparing to unpack .../562-python3-venv_3.12.3-0ubuntu2.1_arm64.deb ...
Unpacking python3-venv (3.12.3-0ubuntu2.1) ...
Selecting previously unselected package libglvnd0:arm64.
Preparing to unpack .../563-libglvnd0_1.7.0-1build1_arm64.deb ...
Unpacking libglvnd0:arm64 (1.7.0-1build1) ...
Selecting previously unselected package libglx0:arm64.
Preparing to unpack .../564-libglx0_1.7.0-1build1_arm64.deb ...
Unpacking libglx0:arm64 (1.7.0-1build1) ...
Selecting previously unselected package libgl1:arm64.
Preparing to unpack .../565-libgl1_1.7.0-1build1_arm64.deb ...
Unpacking libgl1:arm64 (1.7.0-1build1) ...
Selecting previously unselected package x11-utils.
Preparing to unpack .../566-x11-utils_7.7+6build2_arm64.deb ...
Unpacking x11-utils (7.7+6build2) ...
Selecting previously unselected package x11-xserver-utils.
Preparing to unpack .../567-x11-xserver-utils_7.7+10build2_arm64.deb ...
Unpacking x11-xserver-utils (7.7+10build2) ...
Selecting previously unselected package libegl1:arm64.
Preparing to unpack .../568-libegl1_1.7.0-1build1_arm64.deb ...
Unpacking libegl1:arm64 (1.7.0-1build1) ...
Selecting previously unselected package libgles2:arm64.
Preparing to unpack .../569-libgles2_1.7.0-1build1_arm64.deb ...
Unpacking libgles2:arm64 (1.7.0-1build1) ...
Selecting previously unselected package zutty.
Preparing to unpack .../570-zutty_0.14.8.20231210+dfsg1-1_arm64.deb ...
Unpacking zutty (0.14.8.20231210+dfsg1-1) ...
Selecting previously unselected package libauthen-sasl-perl.
Preparing to unpack .../571-libauthen-sasl-perl_2.1700-1_all.deb ...
Unpacking libauthen-sasl-perl (2.1700-1) ...
Selecting previously unselected package node-cli-table.
Preparing to unpack .../572-node-cli-table_0.3.11+~cs0.13.4-3_all.deb ...
Unpacking node-cli-table (0.3.11+~cs0.13.4-3) ...
Selecting previously unselected package node-depd.
Preparing to unpack .../573-node-depd_2.0.0-2_all.deb ...
Unpacking node-depd (2.0.0-2) ...
Selecting previously unselected package node-npmlog.
Preparing to unpack .../574-node-npmlog_7.0.1+~4.1.4-1_all.deb ...
Unpacking node-npmlog (7.0.1+~4.1.4-1) ...
Selecting previously unselected package node-tar.
Preparing to unpack .../575-node-tar_6.1.13+~cs7.0.5-3_all.deb ...
Unpacking node-tar (6.1.13+~cs7.0.5-3) ...
Selecting previously unselected package node-gyp.
Preparing to unpack .../576-node-gyp_9.3.0-3_all.deb ...
Unpacking node-gyp (9.3.0-3) ...
Selecting previously unselected package node-ini.
Preparing to unpack .../577-node-ini_3.0.1-2_all.deb ...
Unpacking node-ini (3.0.1-2) ...
Selecting previously unselected package node-negotiator.
Preparing to unpack .../578-node-negotiator_0.6.3+~0.6.1-1_all.deb ...
Unpacking node-negotiator (0.6.3+~0.6.1-1) ...
Selecting previously unselected package node-ws.
Preparing to unpack .../579-node-ws_8.11.0+~cs13.7.3-2_all.deb ...
Unpacking node-ws (8.11.0+~cs13.7.3-2) ...
Selecting previously unselected package node-tap.
Preparing to unpack .../580-node-tap_16.3.7+ds1+~cs50.9.19-4_all.deb ...
Unpacking node-tap (16.3.7+ds1+~cs50.9.19-4) ...
Selecting previously unselected package npm.
Preparing to unpack .../581-npm_9.2.0~ds1-2_all.deb ...
Unpacking npm (9.2.0~ds1-2) ...
Setting up javascript-common (11+nmu1) ...
Setting up libuv1-dev:arm64 (1.48.0-1.1build1) ...
Setting up libxcb-dri3-0:arm64 (1.15-1ubuntu2) ...
Setting up node-colors (1.4.0-4) ...
Setting up node-fs.realpath (1.0.0-3) ...
Setting up libsharpyuv0:arm64 (1.3.2-0.4build3) ...
Setting up node-ampproject-remapping (2.2.0+~cs5.15.37-1) ...
Setting up node-diff (5.0.0~dfsg+~5.0.1-4) ...
Setting up libaom3:arm64 (3.8.2-2ubuntu0.1) ...
Setting up manpages-dev (6.7-2) ...
Setting up libx11-xcb1:arm64 (2:1.8.7-1build1) ...
Setting up python3-setuptools-whl (68.1.2-2ubuntu1.2) ...
Setting up lto-disabled-list (47) ...
Setting up node-abbrev (1.1.1+~1.1.2-1) ...
Setting up libtie-ixhash-perl (1.23-4) ...
Setting up node-path-is-inside (1.0.2+~1.0.0-1) ...
Setting up libjs-sprintf-js (1.1.2+ds1+~1.1.2-1) ...
Setting up libxcb-xfixes0:arm64 (1.15-1ubuntu2) ...
Setting up node-pify (5.0.0+~cs5.0.1-1) ...
Setting up node-p-limit (4.0.0+~cs4.0.0-5) ...
Setting up node-yallist (4.0.0+~4.0.1-1) ...
Setting up liblerc4:arm64 (4.0.0+ds-4ubuntu2) ...
Setting up libjs-inherits (2.0.4-6) ...
Setting up node-p-cancelable (2.1.1-1) ...
Setting up node-is-windows (1.0.2+~cs1.0.0-1) ...
Setting up libre2-10:arm64 (20230301-3build1) ...
Setting up node-ansi-regex (5.0.1-1) ...
Setting up libxpm4:arm64 (1:3.5.17-1build2) ...
Setting up node-yaml (2.3.4-1build1) ...
Setting up libxi6:arm64 (2:1.8.1-1build1) ...
Setting up node-loader-runner (4.3.0-1) ...
Setting up libfont-afm-perl (1.20-4) ...
Setting up node-object-inspect (1.12.2+~cs1.8.1-1) ...
Setting up libxrender1:arm64 (1:0.9.10-1.1build1) ...
Setting up node-slash (4.0.0-3) ...
Setting up node-util-deprecate (1.0.2-3) ...
Setting up node-ieee754 (1.2.1-3) ...
Setting up node-fs-readdir-recursive (1.1.0+~1.1.0-1) ...
Setting up node-v8flags (3.2.0+~3.1.1-1) ...
Setting up node-retry (0.13.1+~0.12.1-1) ...
Setting up libfile-fcntllock-perl (0.22-4ubuntu5) ...
Setting up node-get-caller-file (2.0.5+~cs1.1.1-4) ...
Setting up python3-pip-whl (24.0+dfsg-1ubuntu1.3) ...
Setting up node-arrify (2.0.1-3) ...
Setting up libclone-perl:arm64 (0.46-1build3) ...
Setting up libalgorithm-diff-perl (1.201-1) ...
Setting up node-eslint-visitor-keys (3.3.0+~1.0.0-1) ...
Setting up node-caniuse-lite (1.0.30001571+dfsg+~1.0.5-1) ...
Setting up node-isobject (4.0.0-2) ...
Setting up libglvnd0:arm64 (1.7.0-1build1) ...
Setting up node-get-value (1:3.0.1-4) ...
Setting up libio-stringy-perl (2.111-3) ...
Setting up node-delegates (1.0.0-3) ...
Setting up libhtml-tagset-perl (3.20-6) ...
Setting up node-depd (2.0.0-2) ...
Setting up libauthen-sasl-perl (2.1700-1) ...
Setting up libxcb-glx0:arm64 (1.15-1ubuntu2) ...
Setting up node-isexe (2.0.0+~2.0.1-5) ...
Setting up node-resolve (1.22.8+~cs5.34.15-2) ...
Setting up node-jsonparse (1.3.1-10) ...
Setting up node-core-js-pure (3.33.2-1build2) ...
Setting up node-es-module-lexer (1.1.0+dfsg-3) ...
Setting up node-path-exists (5.0.0-8) ...
Setting up liblwp-mediatypes-perl (6.04-2) ...
Setting up libgdk-pixbuf2.0-common (2.42.10+dfsg-3ubuntu3.3) ...
Setting up node-unicode-match-property-value-ecmascript (2.1.0+ds-1) ...
Setting up node-escape-string-regexp (4.0.0-2) ...
Setting up node-through (2.3.8+~cs0.0.30-1) ...
Setting up libxcb-shape0:arm64 (1.15-1ubuntu2) ...
Setting up binutils-common:arm64 (2.42-4ubuntu2.10) ...
Setting up libjs-source-map (0.7.0++dfsg2+really.0.6.1-15) ...
Setting up x11-common (1:7.7+23ubuntu3) ...
Setting up node-p-locate (6.0.0-12) ...
Setting up libtry-tiny-perl (0.31-2) ...
Setting up node-negotiator (0.6.3+~0.6.1-1) ...
Setting up node-tslib (2.4.1-1) ...
Setting up node-strip-bom (4.0.0-2) ...
Setting up libxxf86dga1:arm64 (2:1.1.5-1build1) ...
Setting up libdeflate0:arm64 (1.19-1build1.1) ...
Setting up perl-openssl-defaults:arm64 (7build3) ...
Setting up node-stack-utils (2.0.6+~2.0.1-1) ...
Setting up linux-libc-dev:arm64 (6.8.0-136.136) ...
Setting up libctf-nobfd0:arm64 (2.42-4ubuntu2.10) ...
Setting up node-ci-info (4.0.0+~cs1.1.0-1build2) ...
Setting up node-color-name (1.1.4+~1.1.1-2) ...
Setting up node-chrome-trace-event (1.0.3-2) ...
Setting up node-json-buffer (3.0.1+~3.0.0-1) ...
Setting up node-electron-to-chromium (1.4.616-1) ...
Setting up libencode-locale-perl (1.05-3) ...
Setting up node-cjs-module-lexer (1.2.3+dfsg-1) ...
Setting up node-console-control-strings (1.1.0-3) ...
Setting up node-source-list-map (2.0.1+dfsg+~0.1.2-1) ...
Setting up libxcb-shm0:arm64 (1.15-1ubuntu2) ...
Setting up node-camelcase (7.0.0-3) ...
Setting up node-resumer (0.0.0-6) ...
Setting up node-uuid (8.3.2+~8.3.3-4) ...
Setting up node-pascalcase (1.0.0-1) ...
Setting up libgomp1:arm64 (14.2.0-4ubuntu2~24.04.1) ...
Setting up bzip2 (1.0.8-5.1build0.1) ...
Setting up node-auto-bind (4.0.0-2) ...
Setting up node-terser (5.19.2-1) ...
Setting up python3-wheel (0.42.0-2) ...
Setting up libjbig0:arm64 (2.1-6.1ubuntu2) ...
Setting up node-path-type (4.0.0-3) ...
Setting up node-indent-string (4.0.0-2) ...
Setting up libsframe1:arm64 (2.42-4ubuntu2.10) ...
Setting up node-typedarray (0.0.7-1) ...
Setting up libfakeroot:arm64 (1.33-1) ...
Setting up node-function-bind (1.1.2+~cs2.1.14-1) ...
Setting up libxxf86vm1:arm64 (1:1.1.4-1build4) ...
Setting up node-clone (2.1.2+~2.1.2-1) ...
Setting up node-p-map (4.0.0+~3.1.0+~3.0.1-1) ...
Setting up node-iferr (1.0.2+~1.0.2-1) ...
Setting up node-chownr (2.0.0-2) ...
Setting up node-has-flag (4.0.0-3) ...
Setting up node-estraverse (5.3.0+ds+~5.1.1-1) ...
Setting up node-regjsgen (0.7.1+ds-1) ...
Setting up fakeroot (1.33-1) ...
update-alternatives: using /usr/bin/fakeroot-sysv to provide /usr/bin/fakeroot (fakeroot) in auto mode
Setting up libxcb-present0:arm64 (1.15-1ubuntu2) ...
Setting up node-lodash-packages (4.17.21+dfsg+~cs8.31.198.20210220-9) ...
Setting up node-json-schema-traverse (1.0.0-3) ...
Setting up node-inherits (2.0.4-6) ...
Setting up node-path-is-absolute (2.0.0-2) ...
Setting up node-locate-path (7.1.1-2) ...
Setting up node-ini (3.0.1-2) ...
Setting up node-postcss-value-parser (4.2.0-1) ...
Setting up node-is-descriptor (3.0.0-2) ...
Setting up node-safe-buffer (5.2.1+~cs2.1.2-3) ...
Setting up node-promise-inflight (1.0.1+~1.0.0-1) ...
Setting up libpkgconf3:arm64 (1.8.1-2build1) ...
Setting up rpcsvc-proto (1.4.2-0ubuntu7) ...
Setting up libgles2:arm64 (1.7.0-1build1) ...
Setting up gcc-13-base:arm64 (13.3.0-6ubuntu2~24.04.1) ...
Setting up node-rechoir (0.8.0+~0.6.1-2) ...
Setting up node-json-parse-better-errors (1.0.2+~cs3.3.1-2) ...
Setting up node-unicode-canonical-property-names-ecmascript (2.0.0-2) ...
Setting up node-sprintf-js (1.1.2+ds1+~1.1.2-1) ...
Setting up node-flatted (3.2.7~ds-1) ...
Setting up node-y18n (5.0.8+~5.0.0-3) ...
Setting up node-fast-deep-equal (3.1.3-3) ...
Setting up node-shebang-regex (3.0.0-2) ...
Setting up node-err-code (2.0.3+dfsg-3) ...
Setting up libdata-dump-perl (1.25-1) ...
Setting up node-resolve-from (5.0.0+~3.1.0+~3.3.0+~2.0.0-1) ...
Setting up make (4.3-4.1build2) ...
Setting up libxfixes3:arm64 (1:6.0.0-2build1) ...
Setting up libxcb-sync1:arm64 (1.15-1ubuntu2) ...
Setting up libipc-system-simple-perl (1.30-2) ...
Setting up node-balanced-match (2.0.0-1) ...
Setting up node-convert-source-map (1.9.0+~1.5.2-1) ...
Setting up libxml-xpathengine-perl (0.14-2) ...
Setting up node-brace-expansion (2.0.1+~1.1.0-1) ...
Setting up node-is-stream (3.0.0-4) ...
Setting up node-spdx-exceptions (2.3.0-2) ...
Setting up libxinerama1:arm64 (2:1.1.4-3build1) ...
Setting up node-js-tokens (8.0.0-2) ...
Setting up node-core-js (3.33.2-1build2) ...
Setting up node-interpret (2.2.0-3) ...
Setting up node-set-blocking (2.0.0-2) ...
Setting up node-prr (1.0.1-3) ...
Setting up libxv1:arm64 (2:1.0.11-1.1build1) ...
Setting up fonts-dejavu-mono (2.37-8) ...
Setting up libssl-dev:arm64 (3.0.13-0ubuntu3.11) ...
Setting up libcares2:arm64 (1.27.0-1.0ubuntu1) ...
Setting up libmpc3:arm64 (1.3.1-1build1.1) ...
Setting up node-repeat-string (1.6.1+repack-1) ...
Setting up libatomic1:arm64 (14.2.0-4ubuntu2~24.04.1) ...
Setting up libio-html-perl (1.004-3) ...
Setting up node-globals (13.23.0-1) ...
Setting up node-deep-is (0.1.4-1) ...
Setting up libxrandr2:arm64 (2:1.5.2-2build1) ...
Setting up libllvm20:arm64 (1:20.1.2-0ubuntu1~24.04.3) ...
Setting up fonts-dejavu-core (2.37-8) ...
Setting up node-signal-exit (4.1.0-6) ...
Setting up node-require-from-string (2.0.2+~1.2.1-1) ...
Setting up node-randombytes (2.1.0+~2.0.0-2) ...
Setting up pkgconf-bin (1.8.1-2build1) ...
Setting up python3-pip (24.0+dfsg-1ubuntu1.3) ...
Setting up libjpeg-turbo8:arm64 (2.1.5-2ubuntu2) ...
Setting up node-source-map (0.7.0++dfsg2+really.0.6.1-15) ...
Setting up node-wrappy (1.0.2-3) ...
Setting up node-object-visit (1.0.1-5) ...
Setting up node-text-table (0.2.0-4) ...
Setting up libdpkg-perl (1.22.6ubuntu6.6) ...
Setting up libvulkan1:arm64 (1.3.275.0-1build1) ...
Setting up node-require-directory (2.1.1+~2.1.2-1) ...
Setting up node-ip (2.0.0+~1.1.0-1ubuntu1) ...
Setting up nodejs-doc (18.19.1+dfsg-6ubuntu5) ...
Setting up node-quick-lru (6.1.1-4) ...
Setting up node-regenerator-runtime (0.15.2+~0.10.8-1) ...
Setting up libwebp7:arm64 (1.3.2-0.4build3) ...
Setting up node-punycode (2.2.3-2) ...
Setting up libtimedate-perl (2.3300-2) ...
Setting up libubsan1:arm64 (14.2.0-4ubuntu2~24.04.1) ...
Setting up node-to-fast-properties (3.0.1-3) ...
Setting up node-defaults (1.0.4+~1.0.3-1) ...
Setting up node-mute-stream (0.0.8+~0.0.1-3) ...
Setting up node-memfs (3.4.12+~cs1.0.3-1) ...
Setting up node-mimic-response (3.1.0-8) ...
Setting up node-commander (9.4.1-1) ...
Setting up libjs-typedarray-to-buffer (4.0.0-2) ...
Setting up node-graceful-fs (4.2.10-1) ...
Setting up node-merge-stream (2.0.0+~1.1.2-2) ...
Setting up node-is-path-cwd (2.2.0-2) ...
Setting up libxshmfence1:arm64 (1.3-1build5) ...
Setting up libhwasan0:arm64 (14.2.0-4ubuntu2~24.04.1) ...
Setting up libcrypt-dev:arm64 (1:4.4.36-4build1) ...
Setting up libxcb-randr0:arm64 (1.15-1ubuntu2) ...
Setting up node-jsonify (0.0.1-1) ...
Setting up libasan8:arm64 (14.2.0-4ubuntu2~24.04.1) ...
Setting up node-json-stable-stringify (1.0.2+repack1+~cs1.0.34-2) ...
Setting up node-fast-levenshtein (2.0.6+ds-3) ...
Setting up libjs-regenerate (1.4.2-3) ...
Setting up node-aproba (2.0.0-3) ...
Setting up node-unicode-property-aliases-ecmascript (2.1.0+ds-1) ...
Setting up node-binary-extensions (2.2.0-2) ...
Setting up node-is-plain-object (5.0.0-7) ...
Setting up node-eslint-utils (3.0.0-3) ...
Setting up node-path-dirname (1.0.2-2) ...
Setting up node-ip-regex (4.3.0+~4.1.1-1) ...
Setting up node-spdx-license-ids (3.0.12-1) ...
Setting up node-string-decoder (1.3.0-6) ...
Setting up node-esutils (2.0.3+~2.0.0-1) ...
Setting up node-time-stamp (2.2.0-2) ...
Setting up node-commondir (1.0.1+~1.0.0-1) ...
Setting up libjs-prettify (2015.12.04+dfsg-1.1) ...
Setting up libjs-events (3.3.0+~3.0.0-3) ...
Setting up node-run-queue (2.0.0-3) ...
Setting up node-core-util-is (1.0.3-1) ...
Setting up node-json-schema (0.4.0+~7.0.11-1) ...
Setting up node-uri-js (4.4.0+dfsg-8) ...
Setting up node-prelude-ls (1.2.1+dfsg-3) ...
Setting up node-minimatch (9.0.3-4build5) ...
Setting up libxkbfile1:arm64 (1:1.1.0-1build4) ...
Setting up node-cli-boxes (3.0.0-1build2) ...
Setting up libtsan2:arm64 (14.2.0-4ubuntu2~24.04.1) ...
Setting up libjs-jquery (3.6.1+dfsg+~3.5.14-1) ...
Setting up libbinutils:arm64 (2.42-4ubuntu2.10) ...
Setting up libjs-async (0.8.0-6) ...
Setting up node-imurmurhash (0.1.4+dfsg+~0.1.1-2) ...
Setting up node-xtend (4.0.2-3) ...
Setting up libisl23:arm64 (0.26-3build1.1) ...
Setting up node-set-immediate-shim (2.0.0-2) ...
Setting up node-foreground-child (3.1.1-2) ...
Setting up libc-dev-bin (2.39-0ubuntu8.7) ...
Setting up node-wordwrap (1.0.0-4) ...
Setting up node-read (1.0.7-5) ...
Setting up node-regexpp (3.2.0-5) ...
Setting up node-is-arrayish (0.3.2-3) ...
Setting up node-base64-js (1.5.1+dfsg+~1.3.0-2) ...
Setting up node-map-visit (1.0.0-4) ...
Setting up libxcomposite1:arm64 (1:0.4.5-1build3) ...
Setting up linux-tools-common (6.8.0-136.136) ...
Setting up node-esquery (1.4.2~ds-1) ...
Setting up node-npm-run-path (5.1.0+~4.0.0-8) ...
Setting up libalgorithm-diff-xs-perl:arm64 (0.04-8build3) ...
Setting up node-is-buffer (2.0.5-2) ...
Setting up xdg-utils (1.1.3-4.1ubuntu3) ...
update-alternatives: using /usr/bin/xdg-open to provide /usr/bin/open (open) in auto mode
Setting up node-color-convert (2.0.1+~cs2.0.0-2) ...
Setting up libcc1-0:arm64 (14.2.0-4ubuntu2~24.04.1) ...
Setting up liburi-perl (5.27-1) ...
Setting up libx11-protocol-perl (0.56-9) ...
Setting up node-data-uri-to-buffer (5.0.1~0~2023071921-5) ...
Setting up liblsan0:arm64 (14.2.0-4ubuntu2~24.04.1) ...
Setting up node-async-each (1.0.3-3) ...
Setting up libitm1:arm64 (14.2.0-4ubuntu2~24.04.1) ...
Setting up node-isarray (2.0.5-4) ...
Setting up node-osenv (0.1.5+~0.1.1-1) ...
Setting up node-is-plain-obj (3.0.0-2) ...
Setting up node-is-extglob (2.1.1-5) ...
Setting up node-tapable (2.2.1-3) ...
Setting up node-shebang-command (2.0.0-1) ...
Setting up libjs-underscore (1.13.4~dfsg+~1.11.4-3) ...
Setting up libalgorithm-merge-perl (0.08-5) ...
Setting up libjs-is-typedarray (1.0.0-4) ...
Setting up node-lowercase-keys (2.0.0-2) ...
Setting up node-babel-plugin-add-module-exports (1.0.4+dfsg1~cs5.8.0-4) ...
Setting up node-decompress-response (6.0.0-2) ...
Setting up node-process-nextick-args (2.0.1-3) ...
Setting up node-has-unicode (2.0.1-5) ...
Setting up node-busboy (1.6.0+~cs2.6.0-2) ...
Setting up gyp (0.1+20220404git9ecf45e-2) ...
Setting up libwayland-client0:arm64 (1.22.0-2.1build1) ...
Setting up libctf0:arm64 (2.42-4ubuntu2.10) ...
Setting up libnet-ssleay-perl:arm64 (1.94-1build4) ...
Setting up libjpeg8:arm64 (8c-2ubuntu11) ...
Setting up mesa-vulkan-drivers:arm64 (25.2.8-0ubuntu0.24.04.2) ...
Setting up node-readable-stream (3.6.0+~cs3.0.0-4build1) ...
Setting up libice6:arm64 (2:1.0.10-1build3) ...
Setting up libhttp-date-perl (6.06-1) ...
Setting up mesa-libgallium:arm64 (25.2.8-0ubuntu0.24.04.2) ...
Setting up node-lru-cache (7.14.1-1) ...
Setting up node-promise-retry (2.0.1-4) ...
Setting up libfile-basedir-perl (0.09-2) ...
Setting up node-supports-color (8.1.1+~8.1.1-1) ...
Setting up libfile-listing-perl (6.16-1) ...
Setting up node-error-ex (1.3.2-4) ...
Setting up node-once (1.4.1-1) ...
Setting up node-webpack-sources (3.2.3+~3.2.0-2) ...
Setting up cpp-13-aarch64-linux-gnu (13.3.0-6ubuntu2~24.04.1) ...
Setting up node-n3 (1.16.3+~1.2.3+~1.10.4-1) ...
Setting up libgbm1:arm64 (25.2.8-0ubuntu0.24.04.2) ...
Setting up python3.12-venv (3.12.3-1ubuntu0.15) ...
Setting up fontconfig-config (2.15.0-1.1ubuntu2) ...
Setting up node-serialize-javascript (6.0.1-1) ...
Setting up libxtst6:arm64 (2:1.2.3-1.1build1) ...
Setting up libxcursor1:arm64 (1:1.2.1-1build1) ...
Setting up libgl1-mesa-dri:arm64 (25.2.8-0ubuntu0.24.04.2) ...
Setting up node-are-we-there-yet (3.0.1+~1.1.0-1) ...
Setting up node-shell-quote (1.7.4+~1.7.1-1ubuntu0.24.04.1) ...
Setting up node-find-up (6.3.0-7) ...
Setting up libnet-http-perl (6.23-1) ...
Setting up node-kind-of (6.0.3+dfsg-2) ...
Setting up node-is-binary-path (2.1.0-5) ...
Setting up node-events (3.3.0+~3.0.0-3) ...
Setting up node-minimist (1.2.8+~cs5.3.5-1) ...
Setting up node-fancy-log (1.3.3+~cs1.3.1-2) ...
Setting up pkgconf:arm64 (1.8.1-2build1) ...
Setting up node-define-property (2.0.2+really+2.0.2-3) ...
Setting up node-promzard (0.3.0-2) ...
Setting up node-wcwidth.js (1.0.2-2) ...
Setting up node-resolve-cwd (3.0.0-2) ...
Setting up node-fetch (3.3.2+~cs11.4.11-1) ...
Setting up node-babel7-runtime (7.20.15+ds1+~cs214.269.168-6build1) ...
Setting up node-iconv-lite (0.6.3-3) ...
Setting up cpp-aarch64-linux-gnu (4:13.2.0-7ubuntu1) ...
Setting up node-type-check (0.4.0+dfsg-3) ...
Setting up libgprofng0:arm64 (2.42-4ubuntu2.10) ...
Setting up libegl-mesa0:arm64 (25.2.8-0ubuntu0.24.04.2) ...
Setting up python3-venv (3.12.3-0ubuntu2.1) ...
Setting up node-ansi-styles (6.2.1-2) ...
Setting up node-pkg-dir (5.0.0-2) ...
Setting up node-collection-visit (1.0.0-4) ...
Setting up node-restore-cursor (4.0.0-4) ...
Setting up node-async (0.8.0-6) ...
Setting up node-optimist (0.6.1+~0.0.30-2) ...
Setting up pkg-config:arm64 (1.8.1-2build1) ...
Setting up node-spdx-expression-parse (3.0.1+~3.0.1-1) ...
Setting up libjs-sphinxdoc (7.2.6-6) ...
Setting up libfile-desktopentry-perl (0.22-3) ...
Setting up node-concat-stream (2.0.0+~2.0.0-2) ...
Setting up node-is-typedarray (1.0.0-4) ...
Setting up libwww-robotrules-perl (6.02-1) ...
Setting up node-undici (5.26.3+dfsg1+~cs23.10.12-2) ...
Setting up libgcc-13-dev:arm64 (13.3.0-6ubuntu2~24.04.1) ...
Setting up node-inflight (1.0.6-2) ...
Setting up libtiff6:arm64 (4.5.1+git230720-4ubuntu2.5) ...
Setting up libhtml-parser-perl:arm64 (3.81-1build3) ...
Setting up node-hosted-git-info (6.1.1-2) ...
Setting up libegl1:arm64 (1.7.0-1build1) ...
Setting up libc6-dev:arm64 (2.39-0ubuntu8.7) ...
Setting up libgdk-pixbuf-2.0-0:arm64 (2.42.10+dfsg-3ubuntu3.3) ...
Setting up node-has-values (2.0.1-4) ...
Setting up node-encoding (0.1.13-2) ...
Setting up libsm6:arm64 (2:1.2.3-1build3) ...
Setting up libio-socket-ssl-perl (2.085-1) ...
Setting up node-slice-ansi (5.0.0+~cs9.0.0-5) ...
Setting up libstdc++-13-dev:arm64 (13.3.0-6ubuntu2~24.04.1) ...
Setting up libhttp-message-perl (6.45-1ubuntu1) ...
Setting up libhtml-form-perl (6.11-1) ...
Setting up node-fs-write-stream-atomic (1.0.10-6) ...
Setting up node-cli-cursor (4.0.0-3) ...
Setting up libfile-mimeinfo-perl (0.34-1) ...
Setting up libhttp-negotiate-perl (6.01-2) ...
Setting up libglx-mesa0:arm64 (25.2.8-0ubuntu0.24.04.2) ...
Setting up node-end-of-stream (1.4.4+~1.4.1-1) ...
Setting up node-pump (3.0.0-5) ...
Setting up libglx0:arm64 (1.7.0-1build1) ...
Setting up cpp-13 (13.3.0-6ubuntu2~24.04.1) ...
Setting up node-regenerator-transform (0.15.2+~0.10.8-1) ...
Setting up libhttp-cookies-perl (6.11-1) ...
Setting up libhtml-tree-perl (5.07-3) ...
Setting up binutils-aarch64-linux-gnu (2.42-4ubuntu2.10) ...
Setting up libhtml-format-perl (2.16-2) ...
Setting up binutils (2.42-4ubuntu2.10) ...
Setting up gcc-13-aarch64-linux-gnu (13.3.0-6ubuntu2~24.04.1) ...
Setting up dpkg-dev (1.22.6ubuntu6.6) ...
Setting up node-levn (0.4.1+dfsg-2) ...
Setting up node-spdx-correct (3.1.1-2) ...
Setting up libgl1:arm64 (1.7.0-1build1) ...
Setting up libexpat1-dev:arm64 (2.6.1-2ubuntu0.4) ...
Setting up libnet-smtp-ssl-perl (1.04-2) ...
Setting up node-glob (8.1.0+~cs8.5.15-1) ...
Setting up libmailtools-perl (2.21-2) ...
Setting up libnotify4:arm64 (0.8.3-1build2) ...
Setting up node-get-stream (6.0.1-1) ...
Setting up libxt6t64:arm64 (1:1.2.1-1.2build1) ...
Setting up gcc-13 (13.3.0-6ubuntu2~24.04.1) ...
Setting up node-got (11.8.5+~cs58.13.36-3) ...
Setting up node-typedarray-to-buffer (4.0.0-2) ...
Setting up libnotify-bin (0.8.3-1build2) ...
Setting up zlib1g-dev:arm64 (1:1.3.dfsg-3.1ubuntu2.1) ...
Setting up libhttp-daemon-perl (6.16-1ubuntu0.24.04.1) ...
Setting up libgdk-pixbuf2.0-bin (2.42.10+dfsg-3ubuntu3.3) ...
Setting up node-minipass (3.3.6+~cs9.4.19-1) ...
Setting up cpp (4:13.2.0-7ubuntu1) ...
Setting up node-has-value (2.0.2-4) ...
Setting up node-unset-value (2.0.1-1) ...
Setting up g++-13-aarch64-linux-gnu (13.3.0-6ubuntu2~24.04.1) ...
Setting up node-validate-npm-package-license (3.0.4-2) ...
Setting up gcc-aarch64-linux-gnu (4:13.2.0-7ubuntu1) ...
Setting up node-optionator (0.9.1+dfsg+~cs1.2.3-1) ...
Setting up g++-13 (13.3.0-6ubuntu2~24.04.1) ...
Setting up node-ssri (9.0.1-2) ...
Setting up libxmu6:arm64 (2:1.1.3-3build2) ...
Setting up node-write-file-atomic (4.0.2+~4.0.0-2) ...
Setting up node-growl (1.10.5-4) ...
Setting up libpython3.12-dev:arm64 (3.12.3-1ubuntu0.15) ...
Setting up libxaw7:arm64 (2:1.0.14-1build2) ...
Setting up x11-xserver-utils (7.7+10build2) ...
Setting up gcc (4:13.2.0-7ubuntu1) ...
Setting up python3.12-dev (3.12.3-1ubuntu0.15) ...
Setting up zutty (0.14.8.20231210+dfsg1-1) ...
update-alternatives: using /usr/bin/zutty to provide /usr/bin/x-terminal-emulator (x-terminal-emulator) in auto mode
Setting up g++-aarch64-linux-gnu (4:13.2.0-7ubuntu1) ...
Setting up libpython3-dev:arm64 (3.12.3-0ubuntu2.1) ...
Setting up python3-dev (3.12.3-0ubuntu2.1) ...
Setting up g++ (4:13.2.0-7ubuntu1) ...
update-alternatives: using /usr/bin/g++ to provide /usr/bin/c++ (c++) in auto mode
Setting up build-essential (12.10ubuntu1) ...
Setting up libheif-plugin-aomdec:arm64 (1.17.6-1ubuntu4.6) ...
Setting up node-define-properties (1.2.1+~cs2.2.3-1) ...
Setting up libwww-perl (6.76-1ubuntu0.1) ...
Setting up libheif1:arm64 (1.17.6-1ubuntu4.6) ...
Setting up node-acorn (8.8.1+ds+~cs25.17.7-2) ...
Setting up node-espree (9.4.1~dfsg-2) ...
Setting up node-debbundle-es-to-primitive (1.2.1+~cs9.7.25-2) ...
Setting up liblwp-protocol-https-perl (6.13-1) ...
Setting up libxml-parser-perl (2.47-1ubuntu0.24.04.1) ...
Setting up libheif-plugin-aomenc:arm64 (1.17.6-1ubuntu4.6) ...
Setting up libxml-twig-perl (1:3.52-2) ...
Setting up libnode109:arm64 (18.19.1+dfsg-6ubuntu5) ...
Setting up libnet-dbus-perl (1.2.0-2build3) ...
Setting up nodejs (18.19.1+dfsg-6ubuntu5) ...
update-alternatives: using /usr/bin/nodejs to provide /usr/bin/js (js) in auto mode
Setting up node-argparse (2.0.1-2) ...
Setting up node-sellside-emitter (1.2.1-3) ...
Setting up terser (5.19.2-1) ...
Setting up node-mime (3.0.0+dfsg+~cs6.97.2-1) ...
Setting up node-source-map-support (0.5.21+ds+~0.5.4-1) ...
Setting up node-unique-filename (1.1.1+ds-2) ...
Setting up node-unicode-match-property-ecmascript (2.0.0-2) ...
Setting up node-defined (1.0.1+~1.0.0-1) ...
Setting up node-mime-types (2.1.35-2) ...
Setting up node-re2:arm64 (1.20.10+~cs2.13.13-1) ...
Setting up node-ansi-escapes (5.0.0+really.4.3.1-1) ...
Setting up node-lcov-parse (1.0.0+20170612git80d039574ed9-6) ...
Setting up node-strip-ansi (6.0.1-2) ...
Setting up node-write (2.0.0~6.0.1+~3.0.4+~2.0.0+~1.0.0+~2.0.1-1) ...
Setting up node-ignore (5.2.1-1) ...
Setting up node-chalk (5.3.0-1build1) ...
Setting up node-which (2.0.2+~cs1.3.2-3) ...
Setting up node-css-selector-tokenizer (0.8.0+~cs4.8.3-1) ...
Setting up node-tap-parser (11.0.2+~cs2.1.4-1) ...
Setting up node-esprima (4.0.1+ds+~4.0.3-2) ...
Setting up node-is-path-inside (3.0.3-2) ...
Setting up node-neo-async (2.6.2+~cs3.0.0-3) ...
Setting up node-mkdirp (1.0.4+~1.0.2-4) ...
Setting up node-es6-error (4.1.1-5) ...
Setting up node-opener (1.5.2+~1.4.0-1) ...
Setting up node-archy (1.0.0-6) ...
Setting up node-js-yaml (4.1.0+dfsg+~4.0.5-7) ...
Setting up node-nopt (5.0.0-4) ...
Setting up node-lodash (4.17.21+dfsg+~cs8.31.198.20210220-9) ...
Setting up node-progress (2.0.3-2) ...
Setting up node-json5 (2.2.3+dfsg-1build1) ...
Setting up node-ms (2.1.3+~cs0.7.31-3) ...
Setting up node-rimraf (3.0.2-2) ...
Setting up node-string-width (4.2.3+~cs13.2.3-1) ...
Setting up node-regenerate (1.4.2-3) ...
Setting up node-semver (7.5.4+~7.5.0-2) ...
Setting up node-picocolors (1.0.0-4) ...
Setting up node-es-abstract (1.20.4+~cs26.27.47-1) ...
Setting up node-builtins (5.0.1-1) ...
Setting up node-is-primitive (3.0.1-3) ...
Setting up node-log-driver (1.2.7+git+20180219+bba1761737-7) ...
Setting up handlebars (3:4.7.7+~4.1.0-1) ...
Setting up node-object-assign (4.1.1-7) ...
Setting up node-is-glob (4.0.3-2) ...
Setting up node-v8-compile-cache (2.4.0-2) ...
Setting up node-flat-cache (3.0.4~6.0.1+~3.0.4+~2.0.0+~1.0.0+~2.0.1-1) ...
Setting up node-is-number (7.0.0-4) ...
Setting up node-for-in (1.0.2-4) ...
Setting up node-webassemblyjs (1.11.4+dfsg+~cs10.11.17-2) ...
Setting up node-strip-json-comments (4.0.0-4) ...
Setting up libnode-dev (18.19.1+dfsg-6ubuntu5) ...
Setting up node-is-extendable (1.0.1-3) ...
Setting up node-columnify (1.6.0+~1.5.1-1) ...
Setting up node-doctrine (3.0.0-4) ...
Setting up node-copy-concurrently (1.0.5-9) ...
Setting up node-set-value (4.1.0+~4.0.1-2) ...
Setting up node-ajv (8.12.0~ds+~2.1.1-4) ...
Setting up node-jsesc (3.0.2+~3.0.1-1) ...
Setting up node-regjsparser (0.9.1+ds-2) ...
Setting up node-errno (1.0.0-3) ...
Setting up node-decamelize (4.0.0-2) ...
Setting up node-move-concurrently (1.0.1-5) ...
Setting up node-normalize-path (3.0.0+~3.0.0-1) ...
Setting up node-functional-red-black-tree (1.0.1+20181105-7) ...
Setting up node-debug (4.3.4+~cs4.1.7-1) ...
Setting up node-agent-base (7.1.0~0~2023071921-5) ...
Setting up node-browserslist (4.22.1+~cs6.1.28-1) ...
Setting up node-yargs-parser (21.1.1+~21.0.0-4) ...
Setting up node-coveralls (3.1.1-2build1) ...
Setting up node-make-dir (3.1.0-3) ...
Setting up node-validate-npm-package-name (5.0.0+~4.0.0-1) ...
Setting up node-esrecurse (4.3.0-2) ...
Setting up node-tap-mocha-reporter (5.0.3+~2.0.2-2) ...
Setting up node-file-entry-cache (6.0.1+~3.0.4+~2.0.0+~1.0.0+~2.0.1-1) ...
Setting up node-wrap-ansi (8.0.1+~8.0.1-3) ...
Setting up node-normalize-package-data (4.0.1+~2.4.1-1) ...
Setting up node-for-own (1.0.0-3) ...
Setting up node-eslint-scope (7.1.1+~3.7.4-1) ...
Setting up node-escodegen (2.1.0+dfsg+~0.0.8-1) ...
Setting up node-widest-line (3.1.0-2) ...
Setting up node-mixin-deep (2.0.1-3) ...
Setting up node-memory-fs (0.5.0+~0.3.3-2) ...
Setting up node-babel-helper-define-polyfill-provider (0.3.3~0~20220913+ds1-1) ...
Setting up node-cli-table (0.3.11+~cs0.13.4-3) ...
Setting up node-tar (6.1.13+~cs7.0.5-3) ...
Setting up node-regenerate-unicode-properties (10.1.0+ds-1) ...
Setting up node-glob-parent (6.0.2+~5.1.1-2) ...
Setting up node-cli-truncate (2.1.0-5) ...
Setting up node-enhanced-resolve (5.15.0-1) ...
Setting up node-postcss (8.4.31+~cs8.0.26-1) ...
Setting up node-wide-align (1.1.3-4) ...
Setting up node-npm-package-arg (10.0.0+~3.0.0-2) ...
Setting up node-anymatch (3.1.3+~cs4.6.1-2) ...
Setting up node-postcss-modules-extract-imports (3.0.0-2) ...
Setting up node-read-pkg (5.2.0-2) ...
Setting up node-https-proxy-agent (7.0.1~0~2023071921-5) ...
Setting up node-cliui (7.0.4+repack+~cs3.1.0-4) ...
Setting up node-regexpu-core (5.2.2-3) ...
Setting up node-yargs (16.2.0+~16.0.4-7) ...
Setting up node-to-regex-range (5.0.1-4) ...
Setting up node-union-value (2.0.1-4) ...
Setting up node-cacache (17.0.3+~cs10.3.7-1) ...
Setting up node-babel-plugin-polyfill-corejs2 (0.3.3~0~20220913+ds1-1) ...
Setting up node-ajv-keywords (5.1.0-4) ...
Setting up node-read-package-json (5.0.2+~2.0.0-1) ...
Setting up node-core-js-compat (3.33.2-1build2) ...
Setting up node-http-proxy-agent (7.0.0~0~2023071921-5) ...
Setting up node-clone-deep (4.0.1+~cs7.0.2-1) ...
Setting up eslint (6.4.0~dfsg+~6.1.9-11build3) ...
Setting up node-babel-plugin-polyfill-regenerator (0.4.1~0~20220913+ds1-1) ...
Setting up node-gauge (4.0.4-2) ...
Setting up node-readdirp (3.6.0-1) ...
Setting up node-ws (8.11.0+~cs13.7.3-2) ...
Setting up node-cache-base (4.0.2-1) ...
Setting up node-icss-utils (5.1.0+~5.1.0-1) ...
Setting up node-npm-bundled (2.0.1-2) ...
Setting up node-schema-utils (4.2.0~ds-3build3) ...
Setting up node-jest-worker (29.6.2~ds1+~cs73.45.28-5) ...
Setting up node-npmlog (7.0.1+~4.1.4-1) ...
Setting up node-babel-plugin-polyfill-corejs3 (0.6.0~0~20220913+ds1-1) ...
Setting up node-postcss-modules-values (4.0.0+~4.0.0-1) ...
Setting up node-fill-range (7.0.1+~7.0.0-1) ...
Setting up node-base (3.0.0-3) ...
Setting up node-gyp (9.3.0-3) ...
Setting up node-braces (3.0.2+~3.0.1-1) ...
Setting up node-chokidar (3.6.0-2) ...
Setting up node-watchpack (2.4.0+~cs2.8.1-1) ...
Setting up node-micromatch (4.0.5+~4.0.2-1) ...
Setting up node-globby (13.1.3+~cs16.25.40-2) ...
Setting up node-del (7.0.0-5) ...
Setting up node-find-cache-dir (3.3.2+~3.2.1-1) ...
Setting up node-istanbul (0.4.5+repack10+~cs98.25.59-2) ...
Setting up node-tape (5.6.1+~cs8.20.19-1) ...
Setting up node-babel7 (7.20.15+ds1+~cs214.269.168-6build1) ...
update-alternatives: using /usr/bin/babeljs-7 to provide /usr/bin/babeljs (babeljs) in auto mode
update-alternatives: using /usr/bin/babeljs-7-external-helpers to provide /usr/bin/babeljs-external-helpers (babeljs-external-helpers) in auto mode
update-alternatives: using /usr/bin/babeljs-7-node to provide /usr/bin/babeljs-node (babeljs-node) in auto mode
update-alternatives: using /usr/bin/babeljs-7-parser to provide /usr/bin/babeljs-parser (babeljs-parser) in auto mode
Setting up node-deep-equal (2.2.3+~cs43.15.94-1) ...
Setting up libjs-util (0.12.5+~1.0.10-1) ...
Setting up node-babel-plugin-lodash (3.3.4+~cs2.0.1-7) ...
Setting up node-jest-debbundle (29.6.2~ds1+~cs73.45.28-5) ...
Setting up node-tap (16.3.7+ds1+~cs50.9.19-4) ...
Setting up node-util (0.12.5+~1.0.10-1) ...
Setting up webpack (5.76.1+dfsg1+~cs17.16.16-1) ...
Setting up node-assert (2.0.0+~cs3.9.8-2) ...
Setting up node-css-loader (6.8.1+~cs14.0.17-1) ...
Setting up node-parse-json (5.2.0+~cs5.1.7-1) ...
Setting up npm (9.2.0~ds1-2) ...
Processing triggers for libc-bin (2.39-0ubuntu8.7) ...
Processing triggers for man-db (2.12.0-4build2) ...
Processing triggers for sgml-base (1.31) ...
Setting up libfontconfig1:arm64 (2.15.0-1.1ubuntu2) ...
Setting up libxft2:arm64 (2.3.6-1build1) ...
Setting up libgd3:arm64 (2.3.3-9ubuntu5) ...
Setting up x11-utils (7.7+6build2) ...
Setting up libc-devtools (2.39-0ubuntu8.7) ...
Processing triggers for libc-bin (2.39-0ubuntu8.7) ...

Running kernel seems to be up-to-date.

No services need to be restarted.

No containers need to be restarted.

No user sessions are running outdated binaries.

No VM guests are running outdated hypervisor (qemu) binaries on this host.
+ '[' '!' -f /home/ubuntu/.cargo/env ']'
+ curl --proto =https --tlsv1.2 -sSf https://sh.rustup.rs
+ sh -s -- -y
info: downloading installer
warn: It looks like you have an existing rustup settings file at:
warn: /home/ubuntu/.rustup/settings.toml
warn: Rustup will install the default toolchain as specified in the settings file,
warn: instead of the one inferred from the default host triple.
info: profile set to default
info: default host triple is aarch64-unknown-linux-gnu
info: syncing channel updates for stable-aarch64-unknown-linux-gnu
info: latest update on 2026-07-16 for version 1.97.1 (8bab26f4f 2026-07-14)
info: downloading 6 components
info: default toolchain set to stable-aarch64-unknown-linux-gnu

  stable-aarch64-unknown-linux-gnu installed - rustc 1.97.1 (8bab26f4f 2026-07-14)


Rust is installed now. Great!

To get started you may need to restart your current shell.
This would reload your PATH environment variable to include
Cargo's bin directory ($HOME/.cargo/bin).

To configure your current shell, you need to source
the corresponding env file under $HOME/.cargo.

This is usually done by running one of the following (note the leading DOT):
. "$HOME/.cargo/env"            # For sh/bash/zsh/ash/dash/pdksh
source "$HOME/.cargo/env.fish"  # For fish
source "~/.cargo/env.nu"  # For nushell
source "$HOME/.cargo/env.tcsh"  # For tcsh
. "$HOME/.cargo/env.ps1"        # For pwsh
source "$HOME/.cargo/env.xsh"   # For xonsh
+ source /home/ubuntu/.cargo/env
++ case ":${PATH}:" in
++ export PATH=/home/ubuntu/.cargo/bin:/usr/local/sbin:/usr/local/bin:/usr/sbin:/usr/bin:/sbin:/bin:/usr/games:/usr/local/games:/snap/bin
++ PATH=/home/ubuntu/.cargo/bin:/usr/local/sbin:/usr/local/bin:/usr/sbin:/usr/bin:/sbin:/bin:/usr/games:/usr/local/games:/snap/bin
+ rustc --version
rustc 1.97.1 (8bab26f4f 2026-07-14)
+ cargo --version
cargo 1.97.1 (c980f4866 2026-06-30)
+ node --version
v18.19.1
+ npm --version
9.2.0
+ source /home/ubuntu/.cargo/env
++ case ":${PATH}:" in
++ export PATH=/home/ubuntu/.cargo/bin:/usr/local/sbin:/usr/local/bin:/usr/sbin:/usr/bin:/sbin:/bin:/usr/games:/usr/local/games:/snap/bin
++ PATH=/home/ubuntu/.cargo/bin:/usr/local/sbin:/usr/local/bin:/usr/sbin:/usr/bin:/sbin:/bin:/usr/games:/usr/local/games:/snap/bin
+ cd /home/ubuntu/ai-gateway-bench
+ cargo build --release -p mock-upstream -p load-probe
    Updating crates.io index
 Downloading crates ...
  Downloaded rand_pcg v0.10.2
  Downloaded displaydoc v0.2.6
  Downloaded bytes v1.12.1
  Downloaded icu_normalizer_data v2.2.0
  Downloaded zerofrom-derive v0.1.7
  Downloaded rustls-pki-types v1.15.0
  Downloaded mime v0.3.17
  Downloaded axum v0.8.9
  Downloaded futures-task v0.3.33
  Downloaded zerofrom v0.1.8
  Downloaded zerotrie v0.2.4
  Downloaded yoke-derive v0.8.2
  Downloaded zerovec-derive v0.11.3
  Downloaded atomic-waker v1.1.2
  Downloaded yoke v0.8.3
  Downloaded webpki-roots v1.0.9
  Downloaded want v0.3.1
  Downloaded writeable v0.6.3
  Downloaded zeroize v1.9.0
  Downloaded zerovec v0.11.6
  Downloaded http-body-util v0.1.4
  Downloaded zmij v1.0.23
  Downloaded chacha20 v0.10.1
  Downloaded futures-util v0.3.33
  Downloaded hyper-rustls v0.27.9
  Downloaded futures-channel v0.3.33
  Downloaded futures-core v0.3.33
  Downloaded potential_utf v0.1.5
  Downloaded rustc-hash v2.1.3
  Downloaded getrandom v0.2.17
  Downloaded httpdate v1.0.3
  Downloaded icu_provider v2.2.0
  Downloaded percent-encoding v2.3.2
  Downloaded form_urlencoded v1.2.2
  Downloaded rand_core v0.10.1
  Downloaded tinystr v0.8.3
  Downloaded http-body v1.1.0
  Downloaded sync_wrapper v1.0.2
  Downloaded tower-layer v0.3.3
  Downloaded untrusted v0.9.0
  Downloaded utf8_iter v1.0.4
  Downloaded tinyvec_macros v0.1.1
  Downloaded itoa v1.0.18
  Downloaded try-lock v0.2.5
  Downloaded tokio-macros v2.7.1
  Downloaded idna_adapter v1.2.2
  Downloaded idna v1.1.0
  Downloaded proc-macro2 v1.0.107
  Downloaded stable_deref_trait v1.2.1
  Downloaded tokio-stream v0.1.18
  Downloaded httparse v1.10.1
  Downloaded cfg-if v1.0.4
  Downloaded getrandom v0.4.3
  Downloaded lru-slab v0.1.2
  Downloaded subtle v2.6.1
  Downloaded cfg_aliases v0.2.2
  Downloaded serde_path_to_error v0.1.20
  Downloaded serde_urlencoded v0.7.1
  Downloaded pin-project-lite v0.2.17
  Downloaded slab v0.4.12
  Downloaded tower-service v0.3.3
  Downloaded icu_locale_core v2.2.0
  Downloaded icu_normalizer v2.2.0
  Downloaded quote v1.0.47
  Downloaded shlex v2.0.1
  Downloaded thiserror-impl v2.0.19
  Downloaded axum-core v0.5.6
  Downloaded find-msvc-tools v0.1.9
  Downloaded ipnet v2.12.0
  Downloaded litemap v0.8.2
  Downloaded matchit v0.8.4
  Downloaded once_cell v1.21.4
  Downloaded quinn-udp v0.5.15
  Downloaded smallvec v1.15.2
  Downloaded synstructure v0.13.2
  Downloaded thiserror v2.0.19
  Downloaded unicode-ident v1.0.24
  Downloaded bitflags v2.13.1
  Downloaded socket2 v0.6.5
  Downloaded reqwest v0.12.28
  Downloaded tinyvec v1.12.0
  Downloaded tokio-rustls v0.26.4
  Downloaded tracing-core v0.1.36
  Downloaded hyper-util v0.1.20
  Downloaded log v0.4.33
  Downloaded ryu v1.0.23
  Downloaded serde_core v1.0.229
  Downloaded url v2.5.8
  Downloaded base64 v0.22.1
  Downloaded hyper v1.10.1
  Downloaded icu_collections v2.2.0
  Downloaded mio v1.2.2
  Downloaded rustls-webpki v0.103.13
  Downloaded serde v1.0.229
  Downloaded cc v1.3.0
  Downloaded icu_properties v2.2.0
  Downloaded quinn v0.11.11
  Downloaded rand v0.10.2
  Downloaded tower v0.5.3
  Downloaded http v1.4.2
  Downloaded memchr v2.8.3
  Downloaded tower-http v0.6.11
  Downloaded serde_json v1.0.150
  Downloaded icu_properties_data v2.2.0
  Downloaded quinn-proto v0.11.16
  Downloaded syn v3.0.0
  Downloaded syn v2.0.119
  Downloaded rustls v0.23.42
  Downloaded tracing v0.1.44
  Downloaded libc v0.2.186
  Downloaded tokio v1.53.0
  Downloaded ring v0.17.14
   Compiling proc-macro2 v1.0.107
   Compiling quote v1.0.47
   Compiling unicode-ident v1.0.24
   Compiling libc v0.2.186
   Compiling bytes v1.12.1
   Compiling pin-project-lite v0.2.17
   Compiling stable_deref_trait v1.2.1
   Compiling futures-core v0.3.33
   Compiling itoa v1.0.18
   Compiling once_cell v1.21.4
   Compiling syn v2.0.119
   Compiling smallvec v1.15.2
   Compiling http v1.4.2
   Compiling mio v1.2.2
   Compiling socket2 v0.6.5
   Compiling shlex v2.0.1
   Compiling find-msvc-tools v0.1.9
   Compiling cc v1.3.0
   Compiling http-body v1.1.0
   Compiling tracing-core v0.1.36
   Compiling percent-encoding v2.3.2
   Compiling litemap v0.8.2
   Compiling log v0.4.33
   Compiling writeable v0.6.3
   Compiling serde_core v1.0.229
   Compiling tracing v0.1.44
   Compiling ring v0.17.14
   Compiling icu_normalizer_data v2.2.0
   Compiling futures-task v0.3.33
   Compiling synstructure v0.13.2
   Compiling httparse v1.10.1
   Compiling slab v0.4.12
   Compiling icu_properties_data v2.2.0
   Compiling utf8_iter v1.0.4
   Compiling tower-service v0.3.3
   Compiling futures-util v0.3.33
   Compiling zerofrom-derive v0.1.7
   Compiling yoke-derive v0.8.2
   Compiling zerovec-derive v0.11.3
   Compiling zerofrom v0.1.8
   Compiling displaydoc v0.2.6
   Compiling yoke v0.8.3
   Compiling tokio-macros v2.7.1
   Compiling zerotrie v0.2.4
   Compiling zerovec v0.11.6
   Compiling zeroize v1.9.0
   Compiling tokio v1.53.0
   Compiling cfg-if v1.0.4
   Compiling try-lock v0.2.5
   Compiling want v0.3.1
   Compiling tinystr v0.8.3
   Compiling potential_utf v0.1.5
   Compiling icu_locale_core v2.2.0
   Compiling icu_collections v2.2.0
   Compiling getrandom v0.2.17
   Compiling rustls-pki-types v1.15.0
   Compiling icu_provider v2.2.0
   Compiling form_urlencoded v1.2.2
   Compiling sync_wrapper v1.0.2
   Compiling futures-channel v0.3.33
   Compiling zmij v1.0.23
   Compiling tower-layer v0.3.3
   Compiling untrusted v0.9.0
   Compiling httpdate v1.0.3
   Compiling serde v1.0.229
   Compiling atomic-waker v1.1.2
   Compiling icu_properties v2.2.0
   Compiling icu_normalizer v2.2.0
   Compiling hyper v1.10.1
   Compiling base64 v0.22.1
   Compiling ipnet v2.12.0
   Compiling rustls v0.23.42
   Compiling serde_json v1.0.150
   Compiling hyper-util v0.1.20
   Compiling rustls-webpki v0.103.13
   Compiling idna_adapter v1.2.2
   Compiling tower v0.5.3
   Compiling http-body-util v0.1.4
   Compiling ryu v1.0.23
   Compiling memchr v2.8.3
   Compiling subtle v2.6.1
   Compiling serde_urlencoded v0.7.1
   Compiling idna v1.1.0
   Compiling webpki-roots v1.0.9
   Compiling mime v0.3.17
   Compiling url v2.5.8
   Compiling bitflags v2.13.1
   Compiling tower-http v0.6.11
   Compiling axum-core v0.5.6
   Compiling serde_path_to_error v0.1.20
   Compiling tokio-rustls v0.26.4
   Compiling matchit v0.8.4
   Compiling hyper-rustls v0.27.9
   Compiling reqwest v0.12.28
   Compiling tokio-stream v0.1.18
   Compiling axum v0.8.9
   Compiling mock-upstream v0.1.0 (/home/ubuntu/ai-gateway-bench/crates/mock-upstream)
   Compiling load-probe v0.1.0 (/home/ubuntu/ai-gateway-bench/crates/load-probe)
    Finished `release` profile [optimized] target(s) in 34.14s
+ cd /home/ubuntu/busbar
+ cargo build --release -p busbar
    Updating crates.io index
 Downloading crates ...
  Downloaded semver v1.0.28
  Downloaded tracing-attributes v0.1.31
  Downloaded rustc_version v0.4.1
  Downloaded rustversion v1.0.22
  Downloaded rend v0.5.3
  Downloaded rustc-hash v2.1.2
  Downloaded rkyv_derive v0.8.16
  Downloaded serde v1.0.228
  Downloaded sonic-simd v0.1.4
  Downloaded signature v2.2.0
  Downloaded socket2 v0.6.4
  Downloaded futures-io v0.3.32
  Downloaded serde_derive v1.0.228
  Downloaded futures-macro v0.3.32
  Downloaded futures-sink v0.3.32
  Downloaded futures-task v0.3.32
  Downloaded tokio-macros v2.7.0
  Downloaded tikv-jemallocator v0.6.1
  Downloaded sha2 v0.10.9
  Downloaded sha2 v0.11.0
  Downloaded sketches-ddsketch v0.3.1
  Downloaded generic-array v0.14.7
  Downloaded http-body v1.0.1
  Downloaded version_check v0.9.5
  Downloaded shlex v1.3.0
  Downloaded spki v0.7.3
  Downloaded thiserror v2.0.18
  Downloaded thiserror-impl v2.0.18
  Downloaded tracing-log v0.2.0
  Downloaded zeroize v1.8.2
  Downloaded zmij v1.0.21
  Downloaded matchers v0.2.0
  Downloaded munge v0.4.7
  Downloaded munge_macro v0.4.7
  Downloaded simdutf8 v0.1.5
  Downloaded thread_local v1.1.9
  Downloaded signal-hook-registry v1.4.8
  Downloaded smallvec v1.15.1
  Downloaded tikv-jemalloc-ctl v0.6.1
  Downloaded yoke v0.8.2
  Downloaded ptr_meta v0.3.1
  Downloaded ptr_meta_derive v0.3.1
  Downloaded ref-cast-impl v1.0.25
  Downloaded cpufeatures v0.2.17
  Downloaded errno v0.3.14
  Downloaded serde_yaml_ng v0.10.0
  Downloaded sonic-number v0.1.2
  Downloaded tinyvec v1.11.0
  Downloaded serde_core v1.0.228
  Downloaded uuid v1.23.3
  Downloaded tracing-opentelemetry v0.33.0
  Downloaded crypto-common v0.1.7
  Downloaded crypto-common v0.2.2
  Downloaded fnv v1.0.7
  Downloaded futures-core v0.3.32
  Downloaded sharded-slab v0.1.7
  Downloaded block-buffer v0.10.4
  Downloaded block-buffer v0.12.0
  Downloaded unsafe-libyaml v0.2.11
  Downloaded cfg_aliases v0.2.1
  Downloaded cpufeatures v0.3.0
  Downloaded futures-executor v0.3.32
  Downloaded hashbag v0.1.13
  Downloaded hex v0.4.3
  Downloaded http-body-util v0.1.3
  Downloaded lazy_static v1.5.0
  Downloaded ref-cast v1.0.25
  Downloaded typenum v1.20.1
  Downloaded libloading v0.8.9
  Downloaded opentelemetry-http v0.32.0
  Downloaded pkcs8 v0.10.2
  Downloaded ppv-lite86 v0.2.21
  Downloaded quote v1.0.45
  Downloaded rancor v0.1.1
  Downloaded rand_chacha v0.9.0
  Downloaded rkyv v0.8.16
  Downloaded digest v0.10.7
  Downloaded ed25519 v2.2.3
  Downloaded equivalent v1.0.2
  Downloaded foldhash v0.2.0
  Downloaded rand_core v0.6.4
  Downloaded rand_core v0.9.5
  Downloaded rand_xoshiro v0.7.0
  Downloaded tokio-util v0.7.18
  Downloaded base64ct v1.8.3
  Downloaded bitflags v2.11.1
  Downloaded cmov v0.5.4
  Downloaded sonic-rs v0.5.8
  Downloaded async-trait v0.1.89
  Downloaded ctutils v0.4.2
  Downloaded either v1.16.0
  Downloaded evmap v11.0.0
  Downloaded hybrid-array v0.4.12
  Downloaded left-right v0.11.7
  Downloaded nu-ansi-term v0.50.3
  Downloaded paste v1.0.15
  Downloaded quanta v0.12.6
  Downloaded ahash v0.8.12
  Downloaded anyhow v1.0.102
  Downloaded crc32fast v1.5.0
  Downloaded crossbeam-epoch v0.9.20
  Downloaded crossbeam-utils v0.8.21
  Downloaded digest v0.11.3
  Downloaded futures-channel v0.3.32
  Downloaded getrandom v0.3.4
  Downloaded log v0.4.30
  Downloaded metrics v0.24.6
  Downloaded metrics-exporter-prometheus v0.18.3
  Downloaded proc-macro2 v1.0.106
  Downloaded prost v0.14.3
  Downloaded prost-derive v0.14.3
  Downloaded quinn-udp v0.5.14
  Downloaded rapidhash v4.4.1
  Downloaded const-oid v0.10.2
  Downloaded const-oid v0.9.6
  Downloaded hmac v0.13.0
  Downloaded tracing-subscriber v0.3.23
  Downloaded webpki-roots v1.0.7
  Downloaded metrics-util v0.20.4
  Downloaded opentelemetry v0.32.0
  Downloaded opentelemetry-otlp v0.32.0
  Downloaded quinn v0.11.9
  Downloaded cc v1.2.62
  Downloaded der v0.7.10
  Downloaded ed25519-dalek v2.2.0
  Downloaded memchr v2.8.1
  Downloaded rand v0.9.4
  Downloaded bumpalo v3.20.3
  Downloaded futures v0.3.32
  Downloaded indexmap v2.14.0
  Downloaded mio v1.2.1
  Downloaded http v1.4.1
  Downloaded syn v2.0.117
  Downloaded zerocopy v0.8.49
  Downloaded h2 v0.4.14
  Downloaded hashbrown v0.16.1
  Downloaded itertools v0.14.0
  Downloaded hashbrown v0.17.1
  Downloaded aho-corasick v1.1.4
  Downloaded opentelemetry-proto v0.32.0
  Downloaded rustls v0.23.41
  Downloaded futures-util v0.3.32
  Downloaded opentelemetry_sdk v0.32.1
  Downloaded quinn-proto v0.11.14
  Downloaded curve25519-dalek v4.1.3
  Downloaded regex-syntax v0.8.10
  Downloaded faststr v0.2.34
  Downloaded regex-automata v0.4.14
  Downloaded tokio v1.52.3
  Downloaded tikv-jemalloc-sys v0.6.1+5.3.0-1-ge13ca993e8ccb9ba9847cc330696e02839f328f7
   Compiling proc-macro2 v1.0.106
   Compiling unicode-ident v1.0.24
   Compiling quote v1.0.45
   Compiling libc v0.2.186
   Compiling cfg-if v1.0.4
   Compiling once_cell v1.21.4
   Compiling itoa v1.0.18
   Compiling pin-project-lite v0.2.17
   Compiling memchr v2.8.1
   Compiling futures-core v0.3.32
   Compiling typenum v1.20.1
   Compiling bytes v1.12.1
   Compiling syn v2.0.117
   Compiling futures-sink v0.3.32
   Compiling serde_core v1.0.228
   Compiling tracing-core v0.1.36
   Compiling log v0.4.30
   Compiling slab v0.4.12
   Compiling serde v1.0.228
   Compiling smallvec v1.15.1
   Compiling find-msvc-tools v0.1.9
   Compiling shlex v1.3.0
   Compiling stable_deref_trait v1.2.1
   Compiling cc v1.2.62
   Compiling futures-channel v0.3.32
   Compiling errno v0.3.14
   Compiling version_check v0.9.5
   Compiling signal-hook-registry v1.4.8
   Compiling hybrid-array v0.4.12
   Compiling socket2 v0.6.4
   Compiling mio v1.2.1
   Compiling futures-task v0.3.32
   Compiling futures-io v0.3.32
   Compiling zmij v1.0.21
   Compiling getrandom v0.3.4
   Compiling http v1.4.1
   Compiling zerocopy v0.8.49
   Compiling cmov v0.5.4
   Compiling synstructure v0.13.2
   Compiling percent-encoding v2.3.2
   Compiling ctutils v0.4.2
   Compiling crypto-common v0.2.2
   Compiling block-buffer v0.12.0
   Compiling serde_json v1.0.150
   Compiling hashbrown v0.17.1
   Compiling const-oid v0.10.2
   Compiling equivalent v1.0.2
   Compiling http-body v1.0.1
   Compiling digest v0.11.3
   Compiling tracing-attributes v0.1.31
   Compiling zerofrom-derive v0.1.7
   Compiling serde_derive v1.0.228
   Compiling zerofrom v0.1.8
   Compiling tracing v0.1.44
   Compiling yoke-derive v0.8.2
   Compiling zerovec-derive v0.11.3
   Compiling yoke v0.8.2
   Compiling futures-macro v0.3.32
   Compiling tokio-macros v2.7.0
   Compiling tokio v1.52.3
   Compiling zerovec v0.11.6
   Compiling futures-util v0.3.32
   Compiling displaydoc v0.2.6
   Compiling indexmap v2.14.0
   Compiling thiserror v2.0.18
   Compiling zeroize v1.8.2
   Compiling tinystr v0.8.3
   Compiling thiserror-impl v2.0.18
   Compiling async-trait v0.1.89
   Compiling generic-array v0.14.7
   Compiling cpufeatures v0.3.0
   Compiling writeable v0.6.3
   Compiling tower-service v0.3.3
   Compiling litemap v0.8.2
   Compiling httparse v1.10.1
   Compiling icu_locale_core v2.2.0
   Compiling sha2 v0.11.0
   Compiling tokio-util v0.7.18
   Compiling zerotrie v0.2.4
   Compiling potential_utf v0.1.5
   Compiling rand_core v0.9.5
   Compiling ring v0.17.14
   Compiling crossbeam-utils v0.8.21
   Compiling try-lock v0.2.5
   Compiling icu_properties_data v2.2.0
   Compiling utf8_iter v1.0.4
   Compiling fnv v1.0.7
   Compiling atomic-waker v1.1.2
   Compiling hex v0.4.3
   Compiling icu_normalizer_data v2.2.0
   Compiling h2 v0.4.14
   Compiling icu_collections v2.2.0
   Compiling want v0.3.1
   Compiling icu_provider v2.2.0
   Compiling ppv-lite86 v0.2.21
   Compiling subtle v2.6.1
   Compiling base64 v0.22.1
   Compiling httpdate v1.0.3
   Compiling rand_chacha v0.9.0
   Compiling busbar-api v1.5.0 (/home/ubuntu/busbar/crates/api)
   Compiling rustls-pki-types v1.15.0
   Compiling getrandom v0.2.17
   Compiling ipnet v2.12.0
   Compiling hyper v1.10.1
   Compiling semver v1.0.28
   Compiling anyhow v1.0.102
   Compiling untrusted v0.9.0
   Compiling rustversion v1.0.22
   Compiling rustc_version v0.4.1
   Compiling hyper-util v0.1.20
   Compiling icu_normalizer v2.2.0
   Compiling icu_properties v2.2.0
   Compiling rand v0.9.4
   Compiling crypto-common v0.1.7
   Compiling block-buffer v0.10.4
   Compiling opentelemetry v0.32.0
   Compiling http-body-util v0.1.3
   Compiling form_urlencoded v1.2.2
   Compiling sync_wrapper v1.0.2
   Compiling either v1.16.0
   Compiling tower-layer v0.3.3
   Compiling rustls v0.23.41
   Compiling itertools v0.14.0
   Compiling idna_adapter v1.2.2
   Compiling digest v0.10.7
   Compiling rustls-webpki v0.103.13
   Compiling curve25519-dalek v4.1.3
   Compiling futures-executor v0.3.32
   Compiling tikv-jemalloc-sys v0.6.1+5.3.0-1-ge13ca993e8ccb9ba9847cc330696e02839f328f7
   Compiling crossbeam-epoch v0.9.20
   Compiling ryu v1.0.23
   Compiling prost-derive v0.14.3
   Compiling rapidhash v4.4.1
   Compiling idna v1.1.0
   Compiling tower v0.5.3
   Compiling ahash v0.8.12
   Compiling cpufeatures v0.2.17
   Compiling signature v2.2.0
   Compiling foldhash v0.2.0
   Compiling lazy_static v1.5.0
   Compiling paste v1.0.15
   Compiling ref-cast v1.0.25
   Compiling sharded-slab v0.1.7
   Compiling hashbrown v0.16.1
   Compiling ed25519 v2.2.3
   Compiling sha2 v0.10.9
   Compiling prost v0.14.3
   Compiling url v2.5.8
   Compiling tokio-rustls v0.26.4
   Compiling metrics v0.24.6
   Compiling serde_urlencoded v0.7.1
   Compiling opentelemetry_sdk v0.32.1
   Compiling webpki-roots v1.0.7
   Compiling quanta v0.12.6
   Compiling left-right v0.11.7
   Compiling rand_xoshiro v0.7.0
   Compiling ref-cast-impl v1.0.25
   Compiling tracing-log v0.2.0
   Compiling thread_local v1.1.9
   Compiling crc32fast v1.5.0
   Compiling sketches-ddsketch v0.3.1
   Compiling bitflags v2.11.1
   Compiling nu-ansi-term v0.50.3
   Compiling simdutf8 v0.1.5
   Compiling hashbag v0.1.13
   Compiling mime v0.3.17
   Compiling metrics-exporter-prometheus v0.18.3
   Compiling axum-core v0.5.6
   Compiling evmap v11.0.0
   Compiling faststr v0.2.34
   Compiling tracing-subscriber v0.3.23
   Compiling tower-http v0.6.11
   Compiling opentelemetry-proto v0.32.0
   Compiling metrics-util v0.20.4
   Compiling hyper-rustls v0.27.9
   Compiling ed25519-dalek v2.2.0
   Compiling opentelemetry-http v0.32.0
   Compiling busbar-plugin-abi v1.5.0 (/home/ubuntu/busbar/crates/plugin-abi)
   Compiling serde_path_to_error v0.1.20
   Compiling libloading v0.8.9
   Compiling sonic-simd v0.1.4
   Compiling sonic-number v0.1.2
   Compiling bumpalo v3.20.3
   Compiling matchit v0.8.4
   Compiling unsafe-libyaml v0.2.11
   Compiling axum v0.8.9
   Compiling sonic-rs v0.5.8
   Compiling serde_yaml_ng v0.10.0
   Compiling busbar-plugin-loader v1.5.0 (/home/ubuntu/busbar/crates/plugin-loader)
   Compiling opentelemetry-otlp v0.32.0
   Compiling busbar-plugin-sign v1.5.0 (/home/ubuntu/busbar/crates/plugin-sign)
   Compiling reqwest v0.12.28
   Compiling tracing-opentelemetry v0.33.0
   Compiling futures v0.3.32
   Compiling busbar-hooks-ranking v1.5.0 (/home/ubuntu/busbar/crates/hooks-ranking)
   Compiling busbar-auth-tokens v1.5.0 (/home/ubuntu/busbar/crates/auth-tokens)
   Compiling busbar-auth-admin-tokens v1.5.0 (/home/ubuntu/busbar/crates/auth-admin-tokens)
   Compiling busbar-store-memory v1.5.0 (/home/ubuntu/busbar/crates/store-memory)
   Compiling hmac v0.13.0
   Compiling tikv-jemalloc-ctl v0.6.1
   Compiling tikv-jemallocator v0.6.1
   Compiling busbar v1.5.0 (/home/ubuntu/busbar/crates/busbar)
    Finished `release` profile [optimized] target(s) in 3m 46s
+ cd /home/ubuntu/ai-gateway-bench
+ python3 -m venv .venv
+ . .venv/bin/activate
++ deactivate nondestructive
++ '[' -n '' ']'
++ '[' -n '' ']'
++ hash -r
++ '[' -n '' ']'
++ unset VIRTUAL_ENV
++ unset VIRTUAL_ENV_PROMPT
++ '[' '!' nondestructive = nondestructive ']'
++ '[' linux-gnu = cygwin ']'
++ '[' linux-gnu = msys ']'
++ export VIRTUAL_ENV=/home/ubuntu/ai-gateway-bench/.venv
++ VIRTUAL_ENV=/home/ubuntu/ai-gateway-bench/.venv
++ _OLD_VIRTUAL_PATH=/home/ubuntu/.cargo/bin:/usr/local/sbin:/usr/local/bin:/usr/sbin:/usr/bin:/sbin:/bin:/usr/games:/usr/local/games:/snap/bin
++ PATH=/home/ubuntu/ai-gateway-bench/.venv/bin:/home/ubuntu/.cargo/bin:/usr/local/sbin:/usr/local/bin:/usr/sbin:/usr/bin:/sbin:/bin:/usr/games:/usr/local/games:/snap/bin
++ export PATH
++ '[' -n '' ']'
++ '[' -z '' ']'
++ _OLD_VIRTUAL_PS1=
++ PS1='(.venv) '
++ export PS1
++ VIRTUAL_ENV_PROMPT='(.venv) '
++ export VIRTUAL_ENV_PROMPT
++ hash -r
+ pip install -U pip
Requirement already satisfied: pip in ./.venv/lib/python3.12/site-packages (24.0)
Collecting pip
  Downloading pip-26.1.2-py3-none-any.whl.metadata (4.6 kB)
Downloading pip-26.1.2-py3-none-any.whl (1.8 MB)
   ━━━━━━━━━━━━━━━━━━━━━━━━━━━━━━━━━━━━━━━━ 1.8/1.8 MB 54.5 MB/s eta 0:00:00
Installing collected packages: pip
  Attempting uninstall: pip
    Found existing installation: pip 24.0
    Uninstalling pip-24.0:
      Successfully uninstalled pip-24.0
Successfully installed pip-26.1.2
+ pip install -r requirements.txt
Collecting locust==2.32.4 (from -r requirements.txt (line 1))
  Downloading locust-2.32.4-py3-none-any.whl.metadata (10.0 kB)
Collecting fastapi==0.115.6 (from -r requirements.txt (line 2))
  Downloading fastapi-0.115.6-py3-none-any.whl.metadata (27 kB)
Collecting uvicorn==0.34.0 (from uvicorn[standard]==0.34.0->-r requirements.txt (line 3))
  Downloading uvicorn-0.34.0-py3-none-any.whl.metadata (6.5 kB)
Collecting httpx==0.28.1 (from -r requirements.txt (line 4))
  Downloading httpx-0.28.1-py3-none-any.whl.metadata (7.1 kB)
Collecting psutil==6.1.1 (from -r requirements.txt (line 5))
  Downloading psutil-6.1.1-cp36-abi3-manylinux_2_17_aarch64.manylinux2014_aarch64.whl.metadata (22 kB)
Collecting matplotlib==3.10.0 (from -r requirements.txt (line 6))
  Downloading matplotlib-3.10.0-cp312-cp312-manylinux_2_17_aarch64.manylinux2014_aarch64.whl.metadata (11 kB)
Collecting ConfigArgParse>=1.5.5 (from locust==2.32.4->-r requirements.txt (line 1))
  Downloading configargparse-1.7.5-py3-none-any.whl.metadata (23 kB)
Collecting Flask-Cors>=3.0.10 (from locust==2.32.4->-r requirements.txt (line 1))
  Downloading flask_cors-6.0.5-py3-none-any.whl.metadata (5.4 kB)
Collecting Flask-Login>=0.6.3 (from locust==2.32.4->-r requirements.txt (line 1))
  Downloading Flask_Login-0.6.3-py3-none-any.whl.metadata (5.8 kB)
Collecting Werkzeug>=2.0.0 (from locust==2.32.4->-r requirements.txt (line 1))
  Downloading werkzeug-3.1.8-py3-none-any.whl.metadata (4.0 kB)
Collecting flask>=2.0.0 (from locust==2.32.4->-r requirements.txt (line 1))
  Downloading flask-3.1.3-py3-none-any.whl.metadata (3.2 kB)
Collecting geventhttpclient>=2.3.1 (from locust==2.32.4->-r requirements.txt (line 1))
  Downloading geventhttpclient-2.3.9-cp312-cp312-manylinux2014_aarch64.manylinux_2_17_aarch64.manylinux_2_28_aarch64.whl.metadata (8.5 kB)
Collecting msgpack>=1.0.0 (from locust==2.32.4->-r requirements.txt (line 1))
  Downloading msgpack-1.2.1-cp312-cp312-manylinux2014_aarch64.manylinux_2_17_aarch64.manylinux_2_28_aarch64.whl.metadata (8.3 kB)
Collecting pyzmq>=25.0.0 (from locust==2.32.4->-r requirements.txt (line 1))
  Downloading pyzmq-27.1.0-cp312-abi3-manylinux_2_26_aarch64.manylinux_2_28_aarch64.whl.metadata (6.0 kB)
Collecting requests>=2.32.2 (from locust==2.32.4->-r requirements.txt (line 1))
  Downloading requests-2.34.2-py3-none-any.whl.metadata (4.8 kB)
Collecting setuptools>=70.0.0 (from locust==2.32.4->-r requirements.txt (line 1))
  Downloading setuptools-83.0.0-py3-none-any.whl.metadata (6.6 kB)
Collecting starlette<0.42.0,>=0.40.0 (from fastapi==0.115.6->-r requirements.txt (line 2))
  Downloading starlette-0.41.3-py3-none-any.whl.metadata (6.0 kB)
Collecting pydantic!=1.8,!=1.8.1,!=2.0.0,!=2.0.1,!=2.1.0,<3.0.0,>=1.7.4 (from fastapi==0.115.6->-r requirements.txt (line 2))
  Downloading pydantic-2.13.4-py3-none-any.whl.metadata (109 kB)
Collecting typing-extensions>=4.8.0 (from fastapi==0.115.6->-r requirements.txt (line 2))
  Downloading typing_extensions-4.16.0-py3-none-any.whl.metadata (3.3 kB)
Collecting click>=7.0 (from uvicorn==0.34.0->uvicorn[standard]==0.34.0->-r requirements.txt (line 3))
  Downloading click-8.4.2-py3-none-any.whl.metadata (2.6 kB)
Collecting h11>=0.8 (from uvicorn==0.34.0->uvicorn[standard]==0.34.0->-r requirements.txt (line 3))
  Downloading h11-0.16.0-py3-none-any.whl.metadata (8.3 kB)
Collecting anyio (from httpx==0.28.1->-r requirements.txt (line 4))
  Downloading anyio-4.14.2-py3-none-any.whl.metadata (4.6 kB)
Collecting certifi (from httpx==0.28.1->-r requirements.txt (line 4))
  Downloading certifi-2026.6.17-py3-none-any.whl.metadata (2.5 kB)
Collecting httpcore==1.* (from httpx==0.28.1->-r requirements.txt (line 4))
  Downloading httpcore-1.0.9-py3-none-any.whl.metadata (21 kB)
Collecting idna (from httpx==0.28.1->-r requirements.txt (line 4))
  Downloading idna-3.18-py3-none-any.whl.metadata (6.1 kB)
Collecting contourpy>=1.0.1 (from matplotlib==3.10.0->-r requirements.txt (line 6))
  Downloading contourpy-1.3.3-cp312-cp312-manylinux_2_26_aarch64.manylinux_2_28_aarch64.whl.metadata (5.5 kB)
Collecting cycler>=0.10 (from matplotlib==3.10.0->-r requirements.txt (line 6))
  Downloading cycler-0.12.1-py3-none-any.whl.metadata (3.8 kB)
Collecting fonttools>=4.22.0 (from matplotlib==3.10.0->-r requirements.txt (line 6))
  Downloading fonttools-4.63.0-cp312-cp312-manylinux2014_aarch64.manylinux_2_17_aarch64.manylinux_2_28_aarch64.whl.metadata (118 kB)
Collecting kiwisolver>=1.3.1 (from matplotlib==3.10.0->-r requirements.txt (line 6))
  Downloading kiwisolver-1.5.0-cp312-cp312-manylinux_2_24_aarch64.manylinux_2_28_aarch64.whl.metadata (5.1 kB)
Collecting numpy>=1.23 (from matplotlib==3.10.0->-r requirements.txt (line 6))
  Downloading numpy-2.5.1-cp312-cp312-manylinux_2_27_aarch64.manylinux_2_28_aarch64.whl.metadata (6.6 kB)
Collecting packaging>=20.0 (from matplotlib==3.10.0->-r requirements.txt (line 6))
  Downloading packaging-26.2-py3-none-any.whl.metadata (3.5 kB)
Collecting pillow>=8 (from matplotlib==3.10.0->-r requirements.txt (line 6))
  Downloading pillow-12.3.0-cp312-cp312-manylinux_2_27_aarch64.manylinux_2_28_aarch64.whl.metadata (9.1 kB)
Collecting pyparsing>=2.3.1 (from matplotlib==3.10.0->-r requirements.txt (line 6))
  Downloading pyparsing-3.3.2-py3-none-any.whl.metadata (5.8 kB)
Collecting python-dateutil>=2.7 (from matplotlib==3.10.0->-r requirements.txt (line 6))
  Downloading python_dateutil-2.9.0.post0-py2.py3-none-any.whl.metadata (8.4 kB)
Collecting httptools>=0.6.3 (from uvicorn[standard]==0.34.0->-r requirements.txt (line 3))
  Downloading httptools-0.8.0-cp312-cp312-manylinux2014_aarch64.manylinux_2_17_aarch64.manylinux_2_28_aarch64.whl.metadata (3.5 kB)
Collecting python-dotenv>=0.13 (from uvicorn[standard]==0.34.0->-r requirements.txt (line 3))
  Downloading python_dotenv-1.2.2-py3-none-any.whl.metadata (27 kB)
Collecting pyyaml>=5.1 (from uvicorn[standard]==0.34.0->-r requirements.txt (line 3))
  Downloading pyyaml-6.0.3-cp312-cp312-manylinux2014_aarch64.manylinux_2_17_aarch64.manylinux_2_28_aarch64.whl.metadata (2.4 kB)
Collecting uvloop!=0.15.0,!=0.15.1,>=0.14.0 (from uvicorn[standard]==0.34.0->-r requirements.txt (line 3))
  Downloading uvloop-0.22.1-cp312-cp312-manylinux2014_aarch64.manylinux_2_17_aarch64.manylinux_2_28_aarch64.whl.metadata (4.9 kB)
Collecting watchfiles>=0.13 (from uvicorn[standard]==0.34.0->-r requirements.txt (line 3))
  Downloading watchfiles-1.2.0-cp312-cp312-manylinux_2_17_aarch64.manylinux2014_aarch64.whl.metadata (4.9 kB)
Collecting websockets>=10.4 (from uvicorn[standard]==0.34.0->-r requirements.txt (line 3))
  Downloading websockets-16.1.1-cp312-cp312-manylinux2014_aarch64.manylinux_2_17_aarch64.manylinux_2_28_aarch64.whl.metadata (6.8 kB)
Collecting annotated-types>=0.6.0 (from pydantic!=1.8,!=1.8.1,!=2.0.0,!=2.0.1,!=2.1.0,<3.0.0,>=1.7.4->fastapi==0.115.6->-r requirements.txt (line 2))
  Downloading annotated_types-0.7.0-py3-none-any.whl.metadata (15 kB)
Collecting pydantic-core==2.46.4 (from pydantic!=1.8,!=1.8.1,!=2.0.0,!=2.0.1,!=2.1.0,<3.0.0,>=1.7.4->fastapi==0.115.6->-r requirements.txt (line 2))
  Downloading pydantic_core-2.46.4-cp312-cp312-manylinux_2_17_aarch64.manylinux2014_aarch64.whl.metadata (6.6 kB)
Collecting typing-inspection>=0.4.2 (from pydantic!=1.8,!=1.8.1,!=2.0.0,!=2.0.1,!=2.1.0,<3.0.0,>=1.7.4->fastapi==0.115.6->-r requirements.txt (line 2))
  Downloading typing_inspection-0.4.2-py3-none-any.whl.metadata (2.6 kB)
Collecting blinker>=1.9.0 (from flask>=2.0.0->locust==2.32.4->-r requirements.txt (line 1))
  Downloading blinker-1.9.0-py3-none-any.whl.metadata (1.6 kB)
Collecting itsdangerous>=2.2.0 (from flask>=2.0.0->locust==2.32.4->-r requirements.txt (line 1))
  Downloading itsdangerous-2.2.0-py3-none-any.whl.metadata (1.9 kB)
Collecting jinja2>=3.1.2 (from flask>=2.0.0->locust==2.32.4->-r requirements.txt (line 1))
  Downloading jinja2-3.1.6-py3-none-any.whl.metadata (2.9 kB)
Collecting markupsafe>=2.1.1 (from flask>=2.0.0->locust==2.32.4->-r requirements.txt (line 1))
  Downloading markupsafe-3.0.3-cp312-cp312-manylinux2014_aarch64.manylinux_2_17_aarch64.manylinux_2_28_aarch64.whl.metadata (2.7 kB)
Collecting gevent (from geventhttpclient>=2.3.1->locust==2.32.4->-r requirements.txt (line 1))
  Downloading gevent-26.5.0-cp312-cp312-manylinux_2_28_aarch64.whl.metadata (14 kB)
Collecting brotli (from geventhttpclient>=2.3.1->locust==2.32.4->-r requirements.txt (line 1))
  Downloading brotli-1.2.0-cp312-cp312-manylinux2014_aarch64.manylinux_2_17_aarch64.manylinux_2_28_aarch64.whl.metadata (6.1 kB)
Collecting urllib3 (from geventhttpclient>=2.3.1->locust==2.32.4->-r requirements.txt (line 1))
  Downloading urllib3-2.7.0-py3-none-any.whl.metadata (6.9 kB)
Collecting six>=1.5 (from python-dateutil>=2.7->matplotlib==3.10.0->-r requirements.txt (line 6))
  Downloading six-1.17.0-py2.py3-none-any.whl.metadata (1.7 kB)
Collecting charset_normalizer<4,>=2 (from requests>=2.32.2->locust==2.32.4->-r requirements.txt (line 1))
  Downloading charset_normalizer-3.4.9-cp312-cp312-manylinux2014_aarch64.manylinux_2_17_aarch64.manylinux_2_28_aarch64.whl.metadata (41 kB)
Collecting greenlet>=3.2.2 (from gevent->geventhttpclient>=2.3.1->locust==2.32.4->-r requirements.txt (line 1))
  Downloading greenlet-3.5.3-cp312-cp312-manylinux_2_24_aarch64.manylinux_2_28_aarch64.whl.metadata (3.8 kB)
Collecting zope.event (from gevent->geventhttpclient>=2.3.1->locust==2.32.4->-r requirements.txt (line 1))
  Downloading zope_event-6.2-py3-none-any.whl.metadata (5.4 kB)
Collecting zope.interface (from gevent->geventhttpclient>=2.3.1->locust==2.32.4->-r requirements.txt (line 1))
  Downloading zope_interface-8.5-cp312-cp312-manylinux2014_aarch64.manylinux_2_17_aarch64.whl.metadata (47 kB)
Downloading locust-2.32.4-py3-none-any.whl (1.2 MB)
   ━━━━━━━━━━━━━━━━━━━━━━━━━━━━━━━━━━━━━━━━ 1.2/1.2 MB 53.6 MB/s  0:00:00
Downloading fastapi-0.115.6-py3-none-any.whl (94 kB)
Downloading uvicorn-0.34.0-py3-none-any.whl (62 kB)
ERROR: Could not install packages due to an OSError: Could not find a suitable TLS CA certificate bundle, invalid path: /home/ubuntu/ai-gateway-bench/.venv/lib/python3.12/site-packages/pip/_vendor/certifi/cacert.pem

